id;id_cliente;nome;cidade;cep;preco;peso_kg;data_compra;obs;idade_anos
1;670487;Fábio Pereira;Porto Alegre;52579931;298,76;3,411;12/02/2026;ação necessária;102
2;116739;Bárbara Souza;Curitiba;39666982;54,95;;23/12/2025;ok;179
3;026225;Júlia Silva;Goiânia;86727439;853,53;10,201;05/08/2025;café + dados;92
4;777572;Júlia Silva;Campinas;07324144;138,09;10,750;18/10/2025;válido;
5;288389;María Pereira;Foz do Iguaçu;32123815;200,90;3,170;05/05/2024;pendência: e-mail;106
6;256787;Davi Silva;Cuiabá;66422705;409,37;1,706;27/02/2024;pagamento em atraso;71
7;234053;André Oliveira;Porto Alegre;51792685;569,26;8,588;02/04/2024;ação necessária;20
8;146316;María Oliveira;Florianópolis;15132198;905,81;;19/09/2024;ok;102
9;772246;Renée Souza;Goiânia;32357445;457,66;11,663;20/01/2026;teste de importação;121
10;107473;André Pereira;Maceió;67052833;316,75;4,527;15/12/2025;ok;74
11;709570;Renée Costa;Campinas;85641960;715,24;10,099;25/02/2024;ação necessária;87
12;776646;Júlia Martí;Cuiabá;79715904;778,38;5,193;29/11/2025;válido;116
13;935518;Ana Souza;Cuiabá;09531069;487,61;4,835;18/02/2026;pendência: e-mail;99
14;571858;Júlia Oliveira;Campinas;70905413;630,77;2,664;18/07/2024;cliente pediu revisão;103
15;091161;Luísa Souza;Goiânia;01619606;177,47;1,206;26/05/2026;cliente pediu revisão;151
16;619176;André Silva;Florianópolis;48465780;634,23;13,017;07/12/2025;pendência: e-mail;130
17;442417;Heloísa Costa;Florianópolis;42476240;5,70;7,561;01/01/2026;café + dados;149
18;033326;André García;João Pessoa;17714442;273,98;8,476;23/04/2026;ok;52
19;031244;Ciça Pereira;Foz do Iguaçu;51920550;760,67;7,117;20/12/2025;cliente pediu revisão;1
20;098246;José Pereira;São Luís;76286724;169,27;10,706;25/04/2024;cliente pediu revisão;87
21;229258;José Costa;Florianópolis;56487347;763,95;9,286;15/05/2025;pendência: e-mail;157
22;243962;Davi Souza;Foz do Iguaçu;49044830;489,60;9,829;22/05/2025;café + dados;37
23;529903;Júlia Silva;Rio de Janeiro;73330690;763,04;8,233;25/04/2025;café + dados;129
24;631262;Fábio García;Campinas;91662930;88,87;5,197;01/10/2025;válido;20
25;027824;Bárbara Martí;Curitiba;23188838;614,25;8,463;22/06/2024;teste de importação;160
26;588508;José Martí;Campinas;63218512;633,22;7,074;14/05/2024;ação necessária;57
27;208496;João García;Campinas;09796799;403,59;4,489;16/09/2025;café + dados;21
28;750800;Davi Mendes;Porto Alegre;02240013;964,40;0,801;22/08/2024;cliente pediu revisão;88
29;681453;José García;São Paulo;78834594;383,55;12,841;22/11/2025;ok;48
30;735392;Fábio Mendes;Vitória;09064068;38,65;7,463;13/12/2024;pagamento em atraso;58
31;571412;Ícaro Oliveira;Rio de Janeiro;01851322;200,02;;10/02/2024;café + dados;169
32;439898;Ciça Oliveira;Curitiba;35189912;373,36;14,247;29/10/2025;pagamento em atraso;14
33;231148;Ícaro Costa;São Luís;28956527;15,05;0,930;17/03/2024;válido;174
34;471029;André Mendes;Belo Horizonte;05345470;322,57;4,960;01/08/2026;pagamento em atraso;50
35;617889;Renée García;São Paulo;08115992;832,56;0,902;15/05/2026;ok;107
36;291704;Davi Costa;Cuiabá;53415303;191,20;6,647;20/11/2026;café + dados;54
37;848749;Fábio Pereira;Goiânia;67996124;676,39;6,405;12/05/2026;válido;63
38;911527;Davi Souza;Vitória;38451741;626,43;11,267;30/06/2025;ação necessária;130
39;006814;Luísa Mendes;Vitória;84365330;249,33;6,173;11/02/2024;teste de importação;50
40;795667;María Mendes;São Luís;95647455;693,14;6,796;19/08/2026;teste de importação;134
41;844962;André García;Porto Alegre;67249653;344,66;11,656;15/02/2024;café + dados;20
42;167414;Fábio Silva;Cuiabá;55758338;129,67;12,268;10/10/2025;pendência: e-mail;72
43;732052;Renée Martí;Belo Horizonte;56851305;383,78;4,842;12/02/2026;café + dados;166
44;443143;Ana Mendes;Curitiba;94195429;588,49;12,285;10/03/2026;ação necessária;17
45;356778;María Martí;Campinas;53992760;167,69;12,919;22/10/2025;teste de importação;131
46;291369;Júlia Costa;Curitiba;11063273;823,20;4,912;19/07/2024;teste de importação;
47;163032;Fábio Costa;Porto Alegre;85971459;298,61;9,572;27/09/2026;ação necessária;59
48;225772;Heloísa Costa;Vitória;72016510;291,25;9,643;23/07/2024;pendência: e-mail;13
49;800581;Müller Silva;Rio de Janeiro;72162880;727,38;1,075;25/02/2025;teste de importação;8
50;352944;Müller Pereira;Curitiba;82684436;596,18;;19/11/2025;cliente pediu revisão;89
51;107175;José Pereira;Florianópolis;20492422;338,16;3,440;14/10/2026;ok;52
52;097251;Ícaro García;Goiânia;37241089;887,20;4,623;26/10/2026;cliente pediu revisão;129
53;398382;Renée Pereira;Maceió;11220209;994,48;11,125;26/11/2025;pendência: e-mail;83
54;101414;Ícaro Mendes;Maceió;41594998;343,05;2,940;07/12/2024;cliente pediu revisão;91
55;376417;Bárbara Mendes;Campinas;10606094;900,58;5,655;05/09/2025;cliente pediu revisão;110
56;888662;Renée Silva;Cuiabá;68626154;359,53;12,152;14/01/2026;ok;171
57;360663;José Costa;Foz do Iguaçu;27272705;189,05;7,384;11/06/2026;válido;7
58;633052;María García;Rio de Janeiro;20854365;947,19;5,490;17/02/2025;pendência: e-mail;174
59;277370;Ícaro Pereira;Florianópolis;71993070;917,37;14,313;14/10/2026;válido;34
60;846335;Luísa Martí;São Luís;43855682;403,58;;03/06/2024;pagamento em atraso;80
61;045561;Renée Martí;Maceió;52443094;228,96;1,814;14/03/2025;pagamento em atraso;163
62;765179;Ciça Martí;São Luís;78710263;726,71;3,529;11/08/2025;cliente pediu revisão;49
63;481741;Fábio Mendes;Florianópolis;85133532;131,94;12,405;27/06/2025;pendência: e-mail;103
64;562275;Luísa Costa;Florianópolis;87219985;733,61;2,532;07/04/2024;pagamento em atraso;131
65;130889;Luísa Pereira;Belo Horizonte;91409746;589,51;4,335;31/08/2025;teste de importação;1
66;967096;José Pereira;São Luís;86322745;169,65;7,090;03/04/2026;válido;133
67;396922;Fábio Souza;Foz do Iguaçu;08873816;366,86;1,276;07/04/2025;teste de importação;53
68;082627;Ícaro Oliveira;Campinas;41630244;650,24;11,748;07/07/2024;válido;105
69;578856;María Pereira;Belo Horizonte;93774689;38,29;14,746;13/07/2024;ok;3
70;307419;Ícaro Mendes;Belo Horizonte;58718382;875,79;10,476;20/11/2025;cliente pediu revisão;53
71;869693;Luísa Costa;São Luís;97973354;256,28;5,387;13/07/2025;pagamento em atraso;145
72;659176;José Pereira;Goiânia;32029368;534,66;1,399;17/05/2024;pendência: e-mail;43
73;648564;Luísa Pereira;Florianópolis;07772004;49,49;8,197;23/12/2026;teste de importação;161
74;928463;Fábio Oliveira;Belo Horizonte;32813517;993,69;9,867;31/08/2026;ação necessária;13
75;903565;Luísa Silva;Goiânia;11571285;661,65;13,403;24/05/2026;pendência: e-mail;94
76;379201;Ícaro Oliveira;Maceió;58315400;653,26;3,893;05/03/2025;cliente pediu revisão;
77;605397;Luísa Silva;São Paulo;15567455;20,70;9,787;12/12/2025;ação necessária;14
78;201629;João Costa;Goiânia;60850538;689,37;3,177;06/06/2024;cliente pediu revisão;39
79;738797;Ícaro Oliveira;São Paulo;82181084;416,94;2,499;10/09/2025;café + dados;81
80;072933;Bárbara Mendes;Rio de Janeiro;81716102;380,49;0,927;30/10/2026;teste de importação;110
81;048050;José Silva;Rio de Janeiro;07385816;547,19;;06/09/2025;ação necessária;52
82;693384;André Costa;João Pessoa;41512209;474,45;7,549;05/06/2026;pagamento em atraso;23
83;238968;Renée Mendes;Rio de Janeiro;89399687;153,82;6,074;03/10/2025;café + dados;153
84;810620;Renée Martí;Maceió;99548417;694,80;3,039;13/02/2025;ação necessária;123
85;303445;Ana Silva;São Paulo;88322292;630,05;9,585;28/04/2026;ação necessária;40
86;083667;Luísa Mendes;Foz do Iguaçu;99409458;301,51;14,957;03/04/2026;pendência: e-mail;156
87;896865;José Souza;São Paulo;23574794;661,34;1,649;29/05/2025;teste de importação;14
88;244098;Ciça Mendes;Porto Alegre;16031369;662,16;10,759;21/11/2026;cliente pediu revisão;44
89;908573;José Silva;Belo Horizonte;01699863;270,44;2,587;17/07/2026;café + dados;64
90;105907;Ana Oliveira;Rio de Janeiro;95012811;605,42;14,740;04/01/2025;pendência: e-mail;88
91;398591;Júlia Costa;Maceió;18416255;137,89;11,545;08/02/2024;ação necessária;70
92;291476;José Pereira;Curitiba;94153684;829,99;7,030;23/11/2026;cliente pediu revisão;8
93;475435;José García;João Pessoa;01523452;105,70;10,587;17/01/2025;ação necessária;87
94;666563;André Pereira;São Luís;21989243;718,33;2,713;19/10/2026;válido;128
95;874628;Júlia García;Belo Horizonte;66627415;118,50;7,691;12/03/2025;pagamento em atraso;135
96;382554;Renée Mendes;São Paulo;46533974;114,78;4,985;15/08/2026;café + dados;62
97;170555;Luísa García;Curitiba;70196591;107,05;3,495;02/07/2025;pendência: e-mail;138
98;388162;Luísa Silva;Goiânia;69420474;199,25;5,737;27/12/2026;ok;80
99;372528;André Souza;Florianópolis;96739510;200,35;4,710;07/06/2026;ação necessária;135
100;219684;Júlia Pereira;Campinas;34795538;263,47;13,786;02/05/2024;ok;
101;702729;Bárbara Pereira;São Paulo;22409388;523,10;1,778;05/12/2026;pagamento em atraso;162
102;279946;Luísa Souza;Vitória;49911470;202,27;4,999;14/02/2025;ok;32
103;735911;Ana Pereira;Maceió;17036337;703,03;6,013;16/01/2026;pagamento em atraso;
104;982153;Ana Souza;Maceió;36072958;295,76;;05/08/2026;ok;4
105;716751;Ana Silva;Vitória;98372982;40,33;6,182;29/10/2024;café + dados;40
106;679514;Ciça Mendes;Florianópolis;15845304;496,36;1,066;07/05/2025;ação necessária;27
107;074870;Ícaro Mendes;Maceió;03940129;208,28;11,819;04/11/2024;café + dados;134
108;638720;Luísa Silva;Florianópolis;44964418;932,26;11,038;06/09/2025;ação necessária;71
109;665822;María Costa;São Paulo;57622968;330,94;8,453;10/06/2026;cliente pediu revisão;11
110;179451;Ícaro Costa;São Paulo;36504617;3,73;8,242;20/04/2026;café + dados;161
111;560086;Ícaro Mendes;Goiânia;70310522;671,29;8,631;14/10/2025;pendência: e-mail;32
112;764544;José Pereira;Goiânia;08572753;906,07;5,381;11/05/2024;cliente pediu revisão;47
113;256702;Heloísa Costa;Porto Alegre;35292504;834,56;2,369;20/02/2025;válido;150
114;171339;Júlia Pereira;São Paulo;95606407;668,68;1,747;24/04/2026;cliente pediu revisão;61
115;484714;Ciça Souza;São Paulo;77396877;149,85;2,643;30/06/2025;teste de importação;36
116;397887;Müller Pereira;Goiânia;84226031;90,90;3,670;10/08/2025;válido;98
117;283060;Bárbara Oliveira;São Luís;10344164;511,68;2,202;24/11/2024;válido;171
118;970342;Heloísa Costa;Cuiabá;66591799;723,12;12,675;09/06/2025;café + dados;103
119;671088;Davi Oliveira;Goiânia;61095611;102,09;8,267;28/04/2025;pagamento em atraso;34
120;721590;José Silva;Cuiabá;68555983;256,38;4,434;11/04/2026;pendência: e-mail;100
121;584004;Ana Costa;São Paulo;48335011;231,70;9,405;03/05/2025;pendência: e-mail;174
122;230283;André Costa;Goiânia;07440911;987,69;;20/08/2024;teste de importação;
123;717870;Renée Souza;Rio de Janeiro;67056519;296,43;3,764;03/11/2024;cliente pediu revisão;0
124;340035;Renée Costa;São Luís;76086168;464,35;13,435;28/01/2025;ação necessária;4
125;883794;Ícaro García;Maceió;22398441;100,61;;26/02/2024;cliente pediu revisão;141
126;805635;Luísa Mendes;Porto Alegre;49350218;175,35;1,662;17/05/2025;café + dados;102
127;813694;Renée Souza;Foz do Iguaçu;21113788;40,37;14,123;27/09/2025;válido;26
128;058655;André Silva;Belo Horizonte;34241100;290,99;6,041;08/08/2026;pendência: e-mail;136
129;240174;Heloísa García;João Pessoa;13811663;800,99;12,496;21/09/2026;teste de importação;14
130;861722;Ícaro Martí;João Pessoa;77029205;313,08;1,377;12/06/2026;cliente pediu revisão;89
131;033659;André Costa;Goiânia;90478912;738,06;;14/05/2026;válido;41
132;844151;João Souza;Belo Horizonte;97009671;95,81;14,213;16/03/2024;ação necessária;
133;330776;María Silva;Curitiba;15479814;757,69;2,179;17/02/2025;teste de importação;178
134;420651;Júlia Costa;Curitiba;30655922;46,80;8,350;22/11/2024;pagamento em atraso;62
135;280746;André Silva;Vitória;99425803;851,29;8,272;12/07/2025;cliente pediu revisão;95
136;069403;Júlia Oliveira;Goiânia;68293320;663,03;9,680;06/10/2024;ação necessária;51
137;221231;Renée Mendes;Cuiabá;00344739;171,17;11,439;29/02/2024;válido;95
138;957492;Heloísa Costa;Rio de Janeiro;05910667;357,81;2,298;13/06/2025;pagamento em atraso;
139;988712;Ana García;Campinas;01649277;437,84;5,883;22/07/2025;ação necessária;150
140;594731;Bárbara Mendes;Cuiabá;32823140;621,56;10,246;26/12/2024;ação necessária;142
141;918938;José Mendes;Foz do Iguaçu;06171536;877,72;3,169;27/03/2024;ok;
142;752787;Fábio García;Porto Alegre;63319171;93,77;6,502;22/09/2026;teste de importação;28
143;329963;Fábio Martí;João Pessoa;48852098;814,33;3,046;10/02/2024;café + dados;35
144;222955;Bárbara Souza;Campinas;51402634;183,50;7,091;23/04/2024;pagamento em atraso;12
145;687277;Davi Oliveira;Porto Alegre;20144023;400,98;5,275;20/06/2024;pagamento em atraso;159
146;523481;Fábio García;Florianópolis;24019729;961,39;5,410;04/10/2025;cliente pediu revisão;70
147;414850;Ícaro Mendes;Vitória;04746418;272,29;11,651;02/09/2025;pendência: e-mail;85
148;927657;Luísa García;Curitiba;74204255;385,94;11,107;10/05/2024;válido;27
149;958972;Davi Silva;São Luís;95834249;849,97;8,797;13/04/2026;cliente pediu revisão;65
150;674079;Renée Souza;Curitiba;99410484;799,30;11,673;14/01/2026;teste de importação;169
151;481141;Fábio Costa;Cuiabá;88007006;648,55;4,408;03/07/2024;café + dados;44
152;149811;Fábio Souza;Maceió;56286795;796,32;7,154;23/03/2026;ação necessária;61
153;277746;Júlia García;Rio de Janeiro;30133935;113,83;11,114;14/10/2024;pagamento em atraso;133
154;146413;Davi Silva;Rio de Janeiro;43191535;695,78;9,260;28/04/2025;pendência: e-mail;27
155;258607;Bárbara Mendes;João Pessoa;33321320;59,53;14,906;17/08/2024;ação necessária;27
156;781177;Ciça Silva;Maceió;55869014;941,58;5,065;21/10/2026;teste de importação;
157;588637;María Martí;Rio de Janeiro;96675408;160,08;12,951;04/09/2024;cliente pediu revisão;43
158;565158;André Mendes;Maceió;42940967;416,20;;04/12/2026;teste de importação;83
159;275504;Bárbara Mendes;Foz do Iguaçu;36407626;590,57;10,594;11/12/2026;ação necessária;29
160;783300;Júlia Silva;São Paulo;10453825;801,66;8,662;30/05/2025;pagamento em atraso;
161;612982;María Costa;João Pessoa;76710258;678,04;13,948;13/10/2026;pendência: e-mail;127
162;449245;Müller Oliveira;Porto Alegre;50037465;181,90;1,336;03/07/2024;pagamento em atraso;91
163;941435;Heloísa Costa;Porto Alegre;16025721;379,99;2,765;02/05/2025;pendência: e-mail;128
164;611878;Renée Mendes;Porto Alegre;67382794;358,88;9,067;07/09/2024;pagamento em atraso;
165;418801;José Silva;Goiânia;90372247;29,76;12,317;03/10/2025;pagamento em atraso;26
166;379580;Bárbara Pereira;Florianópolis;07069536;684,10;6,477;05/11/2025;cliente pediu revisão;120
167;229974;Ícaro Oliveira;São Paulo;24071191;837,86;11,227;09/03/2026;cliente pediu revisão;115
168;145051;Luísa Silva;Maceió;29955391;972,50;12,059;28/04/2025;válido;2
169;534277;Müller García;São Paulo;69226031;131,39;12,525;16/05/2026;teste de importação;102
170;517488;José Pereira;São Luís;06164431;919,56;8,983;22/03/2025;pagamento em atraso;154
171;095325;Davi Souza;Belo Horizonte;53811222;113,71;9,252;22/10/2024;ok;136
172;792495;Renée Souza;João Pessoa;09251149;411,46;11,177;06/08/2024;cliente pediu revisão;61
173;049405;Bárbara Oliveira;Florianópolis;62423883;46,88;1,914;24/12/2024;pendência: e-mail;164
174;902931;Renée Costa;Rio de Janeiro;37890586;262,09;;14/03/2025;cliente pediu revisão;50
175;114975;Müller Costa;Porto Alegre;41701149;314,61;5,741;16/07/2025;café + dados;171
176;160265;Ciça Mendes;Maceió;43929586;704,16;6,715;19/06/2026;válido;151
177;657924;Renée Pereira;Foz do Iguaçu;11594468;677,57;13,151;16/04/2026;pagamento em atraso;58
178;167753;Renée Oliveira;Campinas;74234670;766,99;10,069;04/06/2025;pagamento em atraso;117
179;830555;Ciça Pereira;Vitória;61303434;576,50;0,962;24/04/2024;cliente pediu revisão;159
180;713536;Heloísa Oliveira;Rio de Janeiro;01069604;564,88;6,231;01/10/2026;cliente pediu revisão;
181;442666;Davi Souza;João Pessoa;49515518;976,94;1,385;28/12/2026;café + dados;179
182;625380;Luísa García;Goiânia;26933626;669,50;2,924;06/02/2026;válido;112
183;066613;Fábio Costa;São Paulo;39137230;338,62;3,935;19/08/2024;válido;
184;403457;Davi Silva;Curitiba;75672859;523,06;;10/10/2025;pagamento em atraso;51
185;400156;Luísa Costa;Curitiba;40790016;700,18;6,379;17/05/2026;válido;11
186;624834;Davi Mendes;Rio de Janeiro;99264208;96,05;9,251;30/08/2026;ação necessária;38
187;490785;Davi Oliveira;São Luís;83579731;661,39;3,954;19/05/2025;cliente pediu revisão;129
188;554816;Renée Mendes;Vitória;32559072;249,08;6,399;22/07/2025;pendência: e-mail;130
189;263626;Fábio Martí;Florianópolis;62267186;346,06;1,972;23/10/2024;válido;112
190;580099;Müller García;Cuiabá;49428849;675,94;1,500;13/01/2026;pendência: e-mail;100
191;902592;Renée Martí;São Paulo;79415412;385,11;2,008;31/08/2026;válido;112
192;988210;Davi Pereira;João Pessoa;66217748;838,35;11,788;23/01/2026;pagamento em atraso;80
193;012038;Ícaro Pereira;Maceió;26229153;558,23;2,715;23/09/2025;teste de importação;112
194;713328;André García;Cuiabá;98309564;986,82;7,728;13/02/2024;cliente pediu revisão;1
195;755731;María García;Goiânia;73357939;55,46;3,585;12/03/2024;pendência: e-mail;129
196;120116;João Martí;Vitória;32900372;643,11;11,246;21/04/2024;teste de importação;53
197;714825;Ícaro Mendes;Maceió;20208677;157,61;1,817;05/05/2025;ação necessária;86
198;927767;Ícaro García;São Paulo;00856024;848,15;5,392;02/06/2025;pagamento em atraso;128
199;563054;Ciça Oliveira;Belo Horizonte;55034115;851,17;2,072;26/02/2026;pagamento em atraso;146
200;787352;Renée Silva;Rio de Janeiro;03209180;868,68;6,814;25/09/2025;cliente pediu revisão;125
201;279786;Ana Martí;Campinas;31272427;75,72;5,354;13/01/2026;pagamento em atraso;129
202;805934;Davi Souza;São Paulo;72684966;491,66;1,144;06/09/2024;ação necessária;52
203;672097;Davi Mendes;Curitiba;46496201;241,41;14,825;31/12/2026;ok;171
204;356699;José Mendes;Vitória;85354668;969,20;14,860;29/04/2025;café + dados;159
205;116970;João Oliveira;Belo Horizonte;93074733;51,25;2,871;25/06/2026;teste de importação;159
206;307757;Ciça Oliveira;Foz do Iguaçu;01287794;223,26;;06/03/2026;válido;67
207;455884;José Mendes;Rio de Janeiro;44965270;643,03;3,636;17/01/2024;pendência: e-mail;
208;165840;Júlia Costa;São Luís;00196231;403,47;11,560;15/03/2026;pendência: e-mail;144
209;475763;Fábio García;Rio de Janeiro;88221829;235,53;2,396;07/06/2025;ok;37
210;003402;Bárbara Souza;Porto Alegre;50502752;459,18;;08/09/2025;ação necessária;23
211;757168;Davi Martí;João Pessoa;99063777;800,66;13,960;03/07/2024;ok;68
212;918398;Davi García;Cuiabá;97605150;448,20;12,446;27/04/2025;cliente pediu revisão;115
213;754639;Fábio Mendes;Belo Horizonte;41273379;855,88;;01/09/2025;cliente pediu revisão;97
214;276183;Davi Silva;Vitória;13951801;447,17;2,380;06/03/2025;ok;138
215;524902;André Souza;Curitiba;27540722;119,47;1,123;24/11/2024;café + dados;143
216;798975;María Costa;Vitória;71110496;497,38;8,440;17/06/2026;válido;96
217;187330;María Souza;Rio de Janeiro;31966313;653,07;8,230;11/10/2025;teste de importação;123
218;532342;Ciça Souza;Rio de Janeiro;56346728;103,44;7,659;12/04/2026;café + dados;
219;956959;Júlia Souza;Porto Alegre;66038997;412,51;2,807;10/03/2024;ok;92
220;111579;Renée Oliveira;Maceió;08038980;557,02;1,061;15/07/2025;ok;2
221;912804;Ícaro Costa;Goiânia;19109045;1,17;10,222;13/06/2024;pendência: e-mail;147
222;655674;Heloísa Silva;Campinas;95516378;91,71;;03/10/2026;café + dados;163
223;312942;João Martí;Porto Alegre;37557512;603,99;4,833;22/08/2026;teste de importação;146
224;882554;Júlia Silva;Foz do Iguaçu;12485824;618,83;9,575;25/04/2026;café + dados;89
225;669987;Luísa Martí;São Luís;05892193;304,99;;12/11/2025;teste de importação;146
226;532323;Fábio García;Belo Horizonte;31067722;508,32;0,918;15/05/2026;cliente pediu revisão;147
227;638551;Ana Pereira;Foz do Iguaçu;69760901;207,44;4,653;24/07/2024;ok;
228;208573;Müller García;São Luís;55439545;671,13;10,173;24/11/2024;cliente pediu revisão;51
229;160263;André Oliveira;São Luís;94066079;949,45;1,071;18/06/2025;ação necessária;160
230;392077;Ana Oliveira;João Pessoa;49995026;363,62;10,022;02/11/2026;cliente pediu revisão;167
231;799550;José García;Goiânia;61533194;55,17;6,206;15/05/2024;válido;127
232;169396;André Pereira;São Luís;11395409;223,47;2,214;21/12/2025;teste de importação;38
233;565579;Renée Oliveira;Campinas;77949714;454,55;13,108;11/05/2026;ação necessária;81
234;999816;María Mendes;São Paulo;12828128;560,03;3,447;31/10/2025;ação necessária;103
235;816449;Bárbara Costa;João Pessoa;67837366;619,52;7,303;17/07/2026;ação necessária;128
236;967242;Renée Costa;Porto Alegre;17919925;473,19;1,105;26/02/2024;pagamento em atraso;10
237;556116;Bárbara Silva;Curitiba;85525640;656,85;8,318;16/04/2024;teste de importação;177
238;963110;Heloísa Mendes;Rio de Janeiro;52928934;715,48;6,386;11/01/2025;ação necessária;150
239;000599;Heloísa Costa;João Pessoa;10043577;114,80;5,724;27/06/2026;pendência: e-mail;
240;628038;Bárbara Oliveira;Campinas;79442904;758,80;9,678;05/10/2024;pendência: e-mail;41
241;339902;José Mendes;Vitória;76211608;222,30;14,691;07/01/2024;teste de importação;98
242;512340;Fábio Costa;Foz do Iguaçu;08359464;341,67;12,329;31/03/2026;teste de importação;6
243;020422;Bárbara García;Vitória;58382413;829,22;13,277;13/02/2025;café + dados;143
244;117301;Ícaro Costa;Vitória;88911718;963,50;12,371;17/09/2025;válido;89
245;974230;Renée Costa;Porto Alegre;17543369;292,40;;04/10/2025;teste de importação;111
246;380612;María García;Foz do Iguaçu;31778964;521,94;4,779;17/06/2024;ok;59
247;921406;Davi Mendes;Campinas;39148093;701,69;13,540;14/08/2024;pagamento em atraso;112
248;872064;José Pereira;São Paulo;35029610;46,69;2,047;19/11/2024;pendência: e-mail;1
249;845964;Ciça Martí;Maceió;42279780;164,83;14,441;26/05/2025;cliente pediu revisão;128
250;322451;André Costa;Cuiabá;52741214;141,17;9,682;23/11/2026;pendência: e-mail;47
251;251083;Ícaro Costa;Foz do Iguaçu;94049798;716,42;4,213;23/09/2024;ação necessária;139
252;060738;João García;Florianópolis;98697391;721,12;14,582;20/04/2026;cliente pediu revisão;36
253;252572;Luísa Silva;Florianópolis;43788744;107,75;5,476;16/10/2025;ação necessária;159
254;920659;André Silva;Curitiba;42688984;610,63;3,736;13/07/2026;ação necessária;8
255;594916;Heloísa Mendes;Campinas;60768130;188,17;8,487;06/09/2026;pendência: e-mail;98
256;992948;Davi Costa;Goiânia;36501299;929,36;13,049;30/09/2024;ação necessária;
257;082582;Júlia Pereira;Porto Alegre;31354768;393,11;10,813;17/06/2025;ação necessária;47
258;089814;André Martí;Porto Alegre;10024377;457,13;2,721;21/12/2024;pendência: e-mail;130
259;767460;María Pereira;Belo Horizonte;27207628;780,86;14,656;01/11/2025;teste de importação;
260;509597;André Costa;Maceió;18268622;716,35;14,049;31/07/2025;válido;151
261;855662;Bárbara Oliveira;Vitória;78478184;108,55;5,308;10/02/2025;ação necessária;53
262;072574;Bárbara Souza;Maceió;14626086;414,64;14,270;21/06/2024;válido;119
263;797549;Heloísa Silva;Porto Alegre;20858851;925,77;5,310;28/04/2026;ok;160
264;558582;Luísa Mendes;João Pessoa;14181143;836,79;11,125;22/01/2026;cliente pediu revisão;151
265;803035;João Martí;Foz do Iguaçu;22062036;588,63;13,298;07/01/2025;teste de importação;115
266;131869;Ícaro Oliveira;Vitória;60339827;771,60;6,640;16/03/2026;cliente pediu revisão;74
267;134628;José Costa;Cuiabá;62552858;450,60;14,060;11/02/2026;pagamento em atraso;112
268;691798;Fábio García;Foz do Iguaçu;42148834;658,14;14,052;04/04/2025;teste de importação;163
269;498369;Ana Pereira;Curitiba;54561191;955,28;11,863;12/02/2024;cliente pediu revisão;165
270;992842;Ana Martí;São Luís;16205010;135,37;3,423;17/02/2024;pagamento em atraso;103
271;576510;Müller Costa;João Pessoa;71930575;498,83;9,490;13/04/2025;ok;83
272;173148;Davi Oliveira;João Pessoa;48088526;530,30;8,852;01/07/2024;café + dados;111
273;277932;Luísa Mendes;Cuiabá;27868462;49,47;4,097;05/08/2026;pendência: e-mail;98
274;553306;Júlia Costa;Belo Horizonte;60655283;934,44;5,902;10/02/2025;ação necessária;152
275;914812;Ícaro Martí;Porto Alegre;41380361;838,14;7,568;20/06/2025;teste de importação;92
276;636059;Júlia Souza;São Luís;62189327;482,97;9,387;11/12/2024;cliente pediu revisão;145
277;443692;Renée Souza;Foz do Iguaçu;35568761;508,32;6,110;11/04/2024;cliente pediu revisão;127
278;222086;Ana Pereira;Maceió;16094525;920,32;7,779;01/04/2026;ação necessária;109
279;974036;Davi García;Belo Horizonte;12136086;177,85;3,544;28/05/2026;ação necessária;81
280;565492;Davi Martí;São Luís;21154777;578,40;;16/06/2025;café + dados;53
281;791952;José García;Porto Alegre;92080722;730,03;1,013;01/11/2024;ok;162
282;765388;João Costa;Campinas;40831043;129,13;6,665;01/07/2024;ação necessária;168
283;723378;Müller Souza;Campinas;94583877;387,63;14,833;23/01/2026;café + dados;160
284;210922;Renée Martí;João Pessoa;93533379;600,34;1,739;14/12/2024;ok;67
285;747581;Bárbara Costa;João Pessoa;80973889;881,93;14,796;28/08/2024;teste de importação;32
286;326858;André García;São Paulo;05412975;504,10;7,757;29/01/2024;ação necessária;141
287;418373;Davi Martí;Cuiabá;28859601;384,89;7,297;12/12/2026;ok;20
288;704314;José Pereira;Florianópolis;43995720;978,54;6,549;10/06/2026;ação necessária;47
289;681446;Renée Silva;Campinas;19907683;915,08;;18/07/2026;cliente pediu revisão;147
290;391559;André Martí;Foz do Iguaçu;12242388;761,85;6,201;09/10/2026;ok;127
291;459381;Heloísa Pereira;Cuiabá;95449930;274,05;9,483;30/08/2024;café + dados;135
292;943313;Bárbara Souza;João Pessoa;33315361;962,67;9,232;04/04/2025;pagamento em atraso;134
293;542717;Bárbara Mendes;Belo Horizonte;47746984;969,55;13,236;20/02/2025;cliente pediu revisão;144
294;473417;Heloísa Costa;João Pessoa;53183031;452,94;8,193;25/01/2025;ok;127
295;126882;Bárbara García;Belo Horizonte;68915391;134,11;12,544;29/06/2025;válido;
296;259947;José Oliveira;Porto Alegre;06570040;412,92;;12/08/2025;pagamento em atraso;175
297;235612;João Silva;Florianópolis;90890014;699,61;8,166;09/10/2026;teste de importação;114
298;067136;Luísa Mendes;Goiânia;40109721;747,93;11,239;21/02/2026;ação necessária;118
299;354508;José Souza;Goiânia;34918995;299,32;8,129;23/09/2024;café + dados;21
300;022056;María Oliveira;Goiânia;23336132;701,09;1,500;02/06/2026;pendência: e-mail;157
301;616886;Ciça Mendes;Porto Alegre;04171767;859,99;6,452;27/02/2025;ação necessária;
302;580828;Fábio García;João Pessoa;54276605;711,45;12,552;17/03/2025;teste de importação;108
303;241292;André Oliveira;São Paulo;60693413;934,64;6,799;02/08/2025;teste de importação;50
304;617024;Heloísa García;João Pessoa;74618850;632,32;1,575;22/01/2025;ok;7
305;230914;Bárbara Souza;Campinas;73835976;201,49;2,820;06/05/2026;válido;26
306;007540;Davi Mendes;Goiânia;33534652;623,92;7,214;04/01/2025;pagamento em atraso;26
307;074441;André García;João Pessoa;12713811;291,00;2,407;16/04/2026;pagamento em atraso;20
308;742225;Luísa Silva;Vitória;62014395;345,60;14,117;25/10/2024;ok;29
309;661759;Ícaro Martí;Vitória;13677772;672,03;2,721;28/02/2024;ok;96
310;061733;María Mendes;Foz do Iguaçu;18762704;980,37;7,203;17/08/2025;ação necessária;27
311;240062;Renée Pereira;Campinas;16301180;649,79;9,182;20/06/2025;ação necessária;110
312;070674;Davi Martí;Rio de Janeiro;01604831;957,41;3,667;27/04/2025;válido;
313;949401;José Martí;Porto Alegre;08277097;503,89;4,351;12/07/2026;teste de importação;47
314;032938;Müller Martí;São Paulo;29835008;693,92;13,682;23/05/2025;teste de importação;146
315;901393;João García;Cuiabá;17544302;322,74;11,001;27/01/2026;válido;3
316;346479;Luísa Pereira;Porto Alegre;26592965;116,17;2,421;27/07/2026;ação necessária;34
317;074299;José Mendes;Porto Alegre;53765180;352,53;5,954;24/06/2024;cliente pediu revisão;48
318;539131;José Pereira;Foz do Iguaçu;49961172;480,41;6,254;22/01/2024;ação necessária;16
319;249565;Bárbara Silva;João Pessoa;92111648;570,50;8,066;18/08/2026;café + dados;171
320;292004;João Martí;São Luís;84597104;666,82;6,177;29/09/2024;ok;
321;701474;María Oliveira;Goiânia;86528158;417,64;11,709;24/10/2025;teste de importação;45
322;508993;Júlia Pereira;Curitiba;11279580;747,37;8,830;25/03/2026;ação necessária;116
323;224643;José Pereira;Vitória;78158177;840,71;2,931;10/03/2025;cliente pediu revisão;5
324;565427;André Pereira;Goiânia;78667527;286,36;3,340;24/02/2026;café + dados;98
325;138739;Davi Pereira;Belo Horizonte;34738319;846,61;6,758;16/05/2026;ok;123
326;758490;Fábio Oliveira;Maceió;10064609;807,69;11,715;08/06/2025;pendência: e-mail;36
327;980957;Júlia Silva;Porto Alegre;02925970;522,68;9,696;29/05/2024;ação necessária;23
328;925245;Luísa Oliveira;Belo Horizonte;08653290;26,22;2,668;14/07/2024;pagamento em atraso;92
329;598782;Ana Costa;Belo Horizonte;26541600;146,04;9,640;30/04/2024;pendência: e-mail;
330;604201;Júlia Oliveira;Cuiabá;86702893;669,91;7,313;16/04/2024;pagamento em atraso;180
331;495631;José Silva;Cuiabá;59516344;200,50;8,518;12/11/2025;ok;
332;254801;Ana Silva;Cuiabá;17286109;749,68;;25/04/2025;válido;98
333;822733;Fábio Pereira;Florianópolis;12345163;161,61;4,178;22/08/2026;teste de importação;115
334;495948;André Martí;Belo Horizonte;44499873;287,04;7,555;26/12/2025;pendência: e-mail;159
335;846721;João Oliveira;João Pessoa;16445384;251,06;1,928;03/04/2024;pendência: e-mail;160
336;426833;Luísa Silva;Belo Horizonte;05730602;838,70;4,275;11/01/2024;ok;66
337;199659;Ana García;Porto Alegre;61873691;690,21;9,601;03/06/2025;teste de importação;127
338;098907;Müller Souza;Cuiabá;06796477;295,55;12,519;30/10/2026;teste de importação;17
339;101639;Ícaro Souza;Porto Alegre;22547129;753,09;;19/02/2026;pendência: e-mail;24
340;690993;Renée Mendes;Cuiabá;77025433;33,24;10,077;11/09/2025;pendência: e-mail;53
341;451989;Júlia Martí;Florianópolis;58137264;813,40;;19/03/2026;pendência: e-mail;57
342;371507;Müller Souza;Foz do Iguaçu;97231462;103,28;10,271;29/01/2026;café + dados;66
343;444154;Renée Pereira;João Pessoa;53015826;867,30;5,038;27/09/2024;válido;103
344;431071;André Silva;Campinas;66588957;739,01;1,496;25/03/2024;cliente pediu revisão;173
345;489710;Ícaro Costa;Cuiabá;03957046;864,11;3,331;02/01/2025;ação necessária;23
346;905798;Renée Silva;Curitiba;51369075;741,93;9,477;17/06/2025;ação necessária;113
347;764491;João Mendes;São Luís;91699285;561,15;9,249;13/12/2024;ação necessária;31
348;056802;Davi García;Maceió;57265875;238,12;3,319;28/10/2026;pendência: e-mail;174
349;706073;Ciça Souza;Florianópolis;23193791;783,74;9,021;06/10/2026;ação necessária;85
350;685197;Renée Mendes;Vitória;47505459;798,22;2,122;25/11/2025;válido;150
351;677568;José Souza;Vitória;28818707;288,06;6,034;16/08/2026;ação necessária;126
352;103198;Fábio Oliveira;Curitiba;25118997;664,16;1,761;27/09/2024;café + dados;154
353;063556;José Oliveira;Florianópolis;36907428;925,63;8,617;02/07/2024;válido;129
354;422179;Luísa Martí;João Pessoa;37561442;387,78;2,711;11/10/2025;válido;
355;763587;Ciça Costa;Belo Horizonte;59862640;955,79;4,697;22/12/2026;ok;
356;355784;Renée García;Cuiabá;19948970;974,87;8,250;05/06/2026;teste de importação;160
357;839482;José Souza;São Paulo;04650569;313,03;9,491;17/10/2024;café + dados;136
358;903529;Davi Pereira;Porto Alegre;82423989;552,02;11,162;17/06/2025;pagamento em atraso;42
359;114576;Ciça Mendes;Campinas;83104469;13,94;14,818;27/08/2024;ok;175
360;260735;Heloísa Pereira;Rio de Janeiro;82809273;251,84;10,579;03/10/2025;pagamento em atraso;38
361;200896;Ciça Martí;Vitória;32988674;620,32;14,805;31/03/2024;café + dados;169
362;199448;Davi Mendes;Porto Alegre;86876236;780,36;9,446;18/09/2024;pendência: e-mail;25
363;562336;Ciça García;Foz do Iguaçu;39608344;869,38;8,261;19/10/2026;teste de importação;98
364;470405;Ícaro Souza;Rio de Janeiro;66960098;829,32;5,825;29/07/2025;ação necessária;49
365;146991;Fábio García;Campinas;55296657;910,66;8,789;08/01/2026;cliente pediu revisão;152
366;442374;Fábio Costa;Florianópolis;73912181;704,22;9,772;30/05/2026;pendência: e-mail;151
367;192401;Fábio Oliveira;Campinas;64294443;647,34;3,355;02/08/2025;teste de importação;12
368;292075;Bárbara Mendes;Porto Alegre;08184472;754,60;10,862;23/06/2025;válido;59
369;485100;José Souza;Rio de Janeiro;11773787;546,52;0,822;24/06/2025;pendência: e-mail;134
370;261941;Davi Souza;Rio de Janeiro;37550897;603,18;;24/11/2026;pendência: e-mail;56
371;916964;José García;Rio de Janeiro;51407440;775,59;2,475;03/10/2025;válido;35
372;968114;José Martí;Maceió;18419506;963,36;12,154;11/06/2026;válido;172
373;079046;Júlia Oliveira;Vitória;56268745;294,59;6,679;03/12/2024;teste de importação;19
374;464656;Müller Silva;Belo Horizonte;26770773;178,07;8,758;08/10/2025;pendência: e-mail;64
375;847272;André Martí;Cuiabá;86255361;682,29;0,960;03/10/2026;teste de importação;7
376;903189;Bárbara Souza;Campinas;70573568;187,60;4,799;05/11/2024;café + dados;143
377;897546;Ciça Martí;Vitória;33440045;174,45;5,170;20/06/2026;válido;141
378;577057;Davi García;São Luís;84658420;513,82;5,400;18/04/2024;cliente pediu revisão;114
379;102664;Davi Silva;Curitiba;72968364;377,44;;21/01/2025;ok;142
380;053045;Luísa Costa;Florianópolis;02621269;428,65;5,647;31/10/2024;pendência: e-mail;91
381;683823;Fábio Souza;Campinas;51338023;556,49;9,547;21/04/2024;ação necessária;97
382;566847;André Pereira;Belo Horizonte;95746990;130,81;;15/04/2025;café + dados;
383;876638;Ana Mendes;Porto Alegre;48199211;583,82;5,493;10/01/2025;pagamento em atraso;31
384;015474;María Souza;Campinas;64382155;255,51;10,349;14/03/2024;teste de importação;85
385;097793;Fábio Martí;Cuiabá;73083942;330,90;12,121;21/08/2026;pagamento em atraso;50
386;971366;José Costa;São Luís;65052579;709,27;7,637;16/06/2025;café + dados;152
387;790170;André Pereira;São Luís;46175477;155,50;13,467;30/11/2024;pagamento em atraso;62
388;889921;Júlia García;Maceió;75920407;154,40;5,559;14/08/2026;café + dados;124
389;247861;Davi Silva;Florianópolis;67430081;322,98;6,678;12/06/2026;ação necessária;149
390;174389;André Costa;Vitória;43165014;51,75;12,659;25/08/2024;pagamento em atraso;57
391;426156;João Oliveira;Foz do Iguaçu;52127652;931,52;11,094;10/10/2026;pagamento em atraso;57
392;509231;Luísa Costa;Curitiba;36297263;615,38;8,410;24/03/2024;pagamento em atraso;85
393;504740;Heloísa Martí;Campinas;24134478;661,57;10,534;23/06/2026;teste de importação;48
394;224130;Fábio Silva;Porto Alegre;03498112;490,57;13,410;31/12/2025;cliente pediu revisão;179
395;906651;Ana Oliveira;Cuiabá;42799022;572,53;14,569;20/09/2026;ação necessária;169
396;420521;André García;Rio de Janeiro;80143600;358,37;1,243;26/07/2026;teste de importação;69
397;946279;José Oliveira;Foz do Iguaçu;29396392;783,46;9,696;06/10/2026;ação necessária;14
398;061483;Ícaro Silva;Porto Alegre;03933043;318,22;8,908;18/08/2024;teste de importação;53
399;172634;José Pereira;Campinas;37706144;220,52;9,252;30/10/2024;café + dados;100
400;397382;Ciça García;João Pessoa;07863981;184,50;11,472;10/09/2024;café + dados;7
401;002260;Renée Martí;Vitória;63308406;69,04;5,266;16/12/2025;café + dados;52
402;409386;Ana Martí;Curitiba;71059199;505,13;;10/07/2024;ação necessária;59
403;278085;Luísa Martí;Vitória;47973830;416,10;7,858;21/02/2025;ok;107
404;971524;Júlia Souza;Goiânia;78381665;536,96;7,217;04/08/2025;café + dados;4
405;822157;Heloísa Silva;Belo Horizonte;31240803;92,76;3,869;04/01/2025;cliente pediu revisão;102
406;823267;Ana Oliveira;Maceió;21424479;221,76;2,394;10/12/2024;café + dados;5
407;477110;Júlia Silva;Foz do Iguaçu;13439803;213,93;11,845;07/11/2026;café + dados;108
408;299105;Bárbara Souza;Goiânia;33266810;332,22;7,102;12/07/2025;teste de importação;115
409;443555;Luísa Mendes;São Paulo;88162850;361,08;;10/03/2025;válido;93
410;730429;Bárbara García;São Luís;32366980;219,01;7,901;09/01/2024;válido;46
411;765990;Renée Mendes;Florianópolis;35772648;752,15;13,916;13/12/2026;cliente pediu revisão;98
412;821414;Ciça Costa;São Luís;71630600;530,44;8,236;04/01/2025;pendência: e-mail;54
413;582765;María Souza;Curitiba;98926537;995,64;2,835;02/05/2026;ok;167
414;694022;Fábio García;Florianópolis;07503932;823,04;12,474;06/06/2024;válido;51
415;753305;José Costa;Foz do Iguaçu;29448924;980,17;10,409;19/05/2025;ação necessária;143
416;510311;Bárbara Mendes;Cuiabá;77268086;9,79;11,089;17/10/2026;ação necessária;12
417;162316;Müller Costa;Rio de Janeiro;52133188;668,60;10,934;12/07/2024;ação necessária;113
418;199122;João Pereira;São Luís;47621071;445,78;0,858;04/11/2025;pendência: e-mail;123
419;311120;Ciça Silva;João Pessoa;23315234;903,69;10,556;23/02/2024;ação necessária;105
420;228275;João Pereira;Rio de Janeiro;23635791;613,47;2,036;05/08/2025;pendência: e-mail;157
421;061324;Luísa Pereira;Rio de Janeiro;31749355;620,89;1,455;06/09/2024;pendência: e-mail;146
422;607314;Júlia Oliveira;Foz do Iguaçu;79526622;957,98;10,158;18/03/2026;teste de importação;144
423;771476;Júlia Costa;Foz do Iguaçu;42681823;682,19;9,001;04/02/2026;pagamento em atraso;119
424;568532;Luísa Martí;Porto Alegre;99066789;321,30;13,468;05/08/2024;teste de importação;62
425;063918;José Silva;Maceió;93633852;915,10;3,534;24/10/2025;ação necessária;18
426;784309;Renée García;Florianópolis;48155056;944,10;5,332;10/11/2024;válido;91
427;328838;Ana Oliveira;Belo Horizonte;79398174;386,10;2,471;29/02/2024;válido;57
428;059942;Ciça Pereira;Maceió;03785821;540,16;4,686;15/06/2024;ação necessária;89
429;052578;Müller Martí;Cuiabá;94415847;283,26;;31/07/2026;pendência: e-mail;116
430;612554;José García;Curitiba;94027679;910,51;8,100;09/09/2026;pendência: e-mail;61
431;499948;Davi Silva;Cuiabá;47201978;821,46;5,775;18/07/2026;cliente pediu revisão;22
432;527276;Ciça Silva;Maceió;76188876;375,21;2,810;05/07/2025;teste de importação;126
433;964047;Renée Souza;Belo Horizonte;75645982;802,21;4,822;12/01/2024;ok;136
434;894141;Davi Martí;São Luís;19072646;445,67;1,812;05/11/2025;ok;139
435;556926;André García;Porto Alegre;75579195;44,76;5,610;30/03/2024;café + dados;128
436;165080;André García;Foz do Iguaçu;25264294;897,49;2,647;16/07/2026;cliente pediu revisão;57
437;059642;Ícaro García;Porto Alegre;66065552;193,13;10,392;27/10/2025;pendência: e-mail;121
438;532496;Luísa Souza;João Pessoa;72762732;513,87;1,564;21/09/2024;teste de importação;0
439;084002;Ciça Silva;Florianópolis;41480401;947,32;3,342;08/03/2025;teste de importação;33
440;892697;Fábio Oliveira;Vitória;23562830;168,06;9,217;09/04/2024;ação necessária;95
441;194851;Júlia Mendes;Florianópolis;65825262;955,36;10,731;02/08/2025;válido;
442;071849;Davi Martí;Vitória;05095407;537,90;5,237;23/10/2025;válido;117
443;623939;José García;Porto Alegre;12114140;8,32;10,923;23/04/2024;válido;47
444;071262;Davi Souza;Goiânia;07538738;66,34;8,375;24/05/2024;café + dados;88
445;708011;María García;Goiânia;31222178;669,99;11,532;20/02/2026;teste de importação;116
446;903682;André García;Rio de Janeiro;80753812;773,04;2,671;08/07/2024;cliente pediu revisão;128
447;246629;Müller Souza;São Luís;29368039;864,22;13,860;27/03/2026;cliente pediu revisão;15
448;423389;Ciça Costa;Porto Alegre;02674689;424,36;7,269;06/06/2025;ok;68
449;125710;Ícaro Martí;Goiânia;70658723;104,72;10,885;30/12/2024;ok;21
450;987335;María Martí;São Paulo;64154596;537,68;4,090;06/05/2025;teste de importação;
451;933533;Júlia Oliveira;Foz do Iguaçu;00091737;702,34;13,028;27/03/2026;válido;75
452;597347;José Souza;Campinas;44524582;975,27;13,763;01/07/2024;válido;153
453;258175;Müller Pereira;São Luís;82427773;774,66;10,735;12/02/2024;ação necessária;143
454;607040;Heloísa Martí;Foz do Iguaçu;27040091;646,27;12,001;02/03/2025;válido;178
455;623398;Fábio Oliveira;Goiânia;17514010;938,87;7,237;29/11/2024;pagamento em atraso;85
456;041672;María Souza;Vitória;45735904;746,40;;06/03/2026;válido;28
457;649468;Ana Costa;Maceió;96225740;154,45;5,790;04/04/2026;ação necessária;68
458;085965;María Oliveira;João Pessoa;23818260;459,31;3,225;06/08/2025;pendência: e-mail;46
459;439589;André Oliveira;João Pessoa;43431355;332,05;9,383;11/11/2024;pagamento em atraso;93
460;689305;Júlia Souza;Foz do Iguaçu;07993466;88,35;2,262;03/09/2024;teste de importação;143
461;612024;Ana Mendes;Curitiba;02941099;55,16;12,114;03/09/2025;pendência: e-mail;175
462;592683;Renée Mendes;Maceió;19825571;793,63;10,022;02/10/2026;café + dados;84
463;548177;Bárbara Martí;Maceió;78733350;557,97;8,365;04/06/2026;pagamento em atraso;38
464;331737;Davi Martí;Campinas;94582741;574,81;6,671;27/09/2025;ok;99
465;980110;Ana Mendes;Belo Horizonte;19012298;228,19;8,581;25/09/2024;pagamento em atraso;32
466;273432;José Mendes;Maceió;14887509;259,13;6,250;05/01/2026;ok;100
467;214181;Renée Costa;Vitória;70638102;388,26;12,358;15/07/2024;cliente pediu revisão;22
468;702258;Júlia Costa;São Paulo;48974686;629,96;11,937;22/01/2026;pendência: e-mail;9
469;750981;André Silva;Vitória;09735027;433,16;11,980;15/11/2026;cliente pediu revisão;
470;329445;Fábio Souza;Maceió;50142505;17,86;4,153;13/02/2025;ok;99
471;250280;Luísa Mendes;Maceió;94561490;672,95;1,906;29/09/2026;ação necessária;33
472;278517;Renée Silva;Maceió;88870866;534,76;8,953;01/07/2026;pagamento em atraso;
473;415011;João Martí;Porto Alegre;53095937;641,14;9,209;05/03/2026;válido;137
474;137235;Davi Costa;Foz do Iguaçu;78653825;618,11;8,682;02/09/2026;café + dados;146
475;704318;José Souza;Campinas;13560308;755,45;3,302;03/07/2025;ação necessária;95
476;676856;André García;Foz do Iguaçu;45172462;585,44;1,788;16/05/2026;ação necessária;
477;314569;Renée Silva;Porto Alegre;40502233;700,48;12,360;03/07/2024;café + dados;68
478;479434;Renée Pereira;João Pessoa;43299069;73,44;6,181;15/05/2026;pagamento em atraso;3
479;331535;Fábio Mendes;São Paulo;18314232;927,19;10,174;24/01/2026;pendência: e-mail;15
480;974146;Müller Oliveira;João Pessoa;21139813;106,92;12,402;16/01/2025;cliente pediu revisão;23
481;788387;João Mendes;Cuiabá;98294624;786,32;13,626;08/06/2026;teste de importação;79
482;981188;José Martí;Curitiba;58635481;301,75;0,803;22/05/2026;cliente pediu revisão;1
483;076066;Ícaro Souza;Goiânia;85800828;87,33;2,919;09/07/2024;ok;
484;009767;Müller Oliveira;São Luís;65390879;764,74;6,338;23/03/2024;teste de importação;
485;480547;João Pereira;Goiânia;87131500;437,80;3,578;17/11/2026;válido;83
486;651332;Ícaro Mendes;Goiânia;42585056;395,32;5,296;30/11/2025;válido;151
487;590341;Renée Oliveira;Vitória;23381086;660,40;13,768;07/08/2026;ok;139
488;104837;Fábio Martí;São Luís;94916484;474,04;14,195;04/04/2025;pagamento em atraso;177
489;076819;Heloísa Costa;Vitória;75427317;533,40;14,753;13/11/2024;ok;162
490;563750;Ciça García;Curitiba;93088100;137,11;2,068;11/10/2026;válido;123
491;223508;Júlia Martí;Florianópolis;82370625;391,21;;15/12/2026;pendência: e-mail;32
492;530458;Bárbara Silva;Campinas;47892314;796,89;6,540;10/12/2026;pagamento em atraso;160
493;278082;Júlia Martí;Porto Alegre;29962391;545,63;4,977;20/06/2024;válido;178
494;138890;José Martí;Florianópolis;89326148;959,21;8,594;18/08/2025;ação necessária;170
495;978593;José García;Foz do Iguaçu;79047551;144,79;;16/08/2026;ok;100
496;365962;Luísa Costa;Maceió;23535297;676,93;12,455;14/06/2026;ação necessária;11
497;923653;Ícaro Oliveira;Vitória;50785855;913,34;13,030;11/06/2024;café + dados;66
498;072132;Fábio Souza;São Luís;41181116;794,43;4,140;05/09/2026;válido;64
499;921981;André Oliveira;Goiânia;98515137;728,87;6,399;07/09/2025;pendência: e-mail;160
500;256150;Heloísa Martí;Belo Horizonte;92408696;373,38;6,236;31/10/2024;ok;167
501;387477;Luísa García;Campinas;39529438;948,57;8,541;18/09/2024;café + dados;73
502;298830;Ana Souza;São Paulo;17092408;553,42;7,543;07/09/2025;ação necessária;42
503;165409;Luísa García;Florianópolis;23851602;554,96;6,261;24/05/2025;pendência: e-mail;43
504;459469;Bárbara Martí;João Pessoa;97822035;123,99;12,727;07/12/2026;café + dados;28
505;874244;Davi Oliveira;Cuiabá;00241310;6,02;14,964;25/05/2026;ação necessária;140
506;569605;Bárbara Souza;Porto Alegre;94221978;596,46;2,707;28/08/2025;cliente pediu revisão;11
507;737715;Bárbara García;João Pessoa;76884584;537,08;;07/04/2024;ok;94
508;317212;Müller Martí;João Pessoa;52559853;946,09;;05/06/2024;pendência: e-mail;45
509;641390;João Martí;Rio de Janeiro;76166246;305,08;7,711;02/04/2024;pagamento em atraso;129
510;846305;Luísa Oliveira;São Luís;04346338;747,80;14,861;17/11/2026;válido;34
511;685743;María Martí;Belo Horizonte;24438599;902,74;9,920;08/08/2024;ação necessária;80
512;554634;Júlia Mendes;Campinas;80851238;344,16;7,276;11/11/2026;teste de importação;89
513;008203;María Pereira;Cuiabá;42710350;412,83;9,383;20/05/2026;pendência: e-mail;7
514;700305;Ana Oliveira;Campinas;82058189;645,64;3,353;25/04/2026;pendência: e-mail;92
515;856795;José Costa;Florianópolis;29648058;512,53;8,639;12/07/2024;pendência: e-mail;
516;581542;Davi Souza;Foz do Iguaçu;85851936;161,63;5,845;09/08/2026;cliente pediu revisão;89
517;313921;Müller Silva;Curitiba;75906869;221,35;9,385;02/06/2025;pagamento em atraso;161
518;977017;Bárbara Martí;Goiânia;13973438;834,08;12,825;28/12/2025;café + dados;114
519;695613;Heloísa Oliveira;Florianópolis;66596831;194,94;7,925;05/06/2025;pendência: e-mail;104
520;108618;André García;Campinas;18876833;182,00;8,556;16/06/2024;teste de importação;134
521;984539;Ana Oliveira;Florianópolis;44448673;799,06;14,691;28/10/2026;café + dados;57
522;920782;Ana Oliveira;João Pessoa;10443030;851,55;10,809;03/02/2024;válido;113
523;140814;Ícaro Mendes;Florianópolis;31943272;850,68;7,638;21/08/2024;ok;74
524;277312;João García;São Luís;46548066;931,51;2,818;05/08/2026;válido;156
525;121035;Fábio Pereira;São Luís;42885071;993,32;14,767;02/01/2025;ação necessária;119
526;932931;Renée Costa;Florianópolis;22533467;461,34;11,860;08/01/2025;ok;163
527;112235;Júlia Mendes;Campinas;85387542;549,57;1,911;15/03/2026;válido;20
528;778480;María Pereira;João Pessoa;11908603;291,07;2,056;02/04/2024;pendência: e-mail;163
529;580097;Luísa Mendes;Cuiabá;95155780;68,23;11,332;19/06/2024;válido;
530;162998;Heloísa Pereira;São Paulo;89929175;99,01;1,909;02/05/2026;ok;100
531;285577;Fábio Mendes;Foz do Iguaçu;85778910;725,14;12,133;01/09/2025;pagamento em atraso;151
532;295442;Renée Costa;São Luís;97883102;487,22;1,549;04/10/2025;válido;176
533;634210;Júlia García;João Pessoa;45063530;331,19;11,855;20/07/2026;cliente pediu revisão;98
534;220861;Müller García;São Paulo;59945655;128,96;8,080;10/07/2026;ação necessária;35
535;752470;Ana Pereira;Rio de Janeiro;01529494;655,16;11,220;26/06/2025;ok;95
536;359536;Júlia Oliveira;Campinas;35596211;100,84;14,440;30/11/2025;café + dados;151
537;213487;Davi Costa;Maceió;28143348;619,28;4,907;18/01/2025;café + dados;150
538;720892;João Mendes;João Pessoa;33492807;899,32;;08/03/2025;pagamento em atraso;36
539;665046;Davi Martí;Maceió;93036518;318,15;11,442;14/01/2025;ação necessária;11
540;894343;Müller Souza;Foz do Iguaçu;09099261;450,74;8,805;09/06/2024;pendência: e-mail;
541;276807;Ícaro Souza;Belo Horizonte;47040785;616,11;;15/06/2025;válido;12
542;529959;Luísa Souza;São Luís;34448045;306,06;3,201;05/08/2024;pagamento em atraso;22
543;512262;Júlia Oliveira;Curitiba;14500158;584,00;;07/06/2026;teste de importação;98
544;263319;Luísa Mendes;Goiânia;96692275;565,42;12,286;30/12/2026;pagamento em atraso;104
545;949314;Heloísa Oliveira;Belo Horizonte;00171954;364,76;4,873;06/02/2024;pagamento em atraso;29
546;952273;Davi García;Goiânia;06462242;316,70;7,979;12/01/2024;teste de importação;
547;887204;José Pereira;Belo Horizonte;51799600;428,45;4,745;19/03/2026;válido;112
548;053266;Davi Mendes;Campinas;58816911;5,82;4,790;26/08/2024;pendência: e-mail;61
549;096781;Heloísa Martí;Goiânia;98325826;246,68;1,002;28/01/2024;ok;83
550;665095;Heloísa Silva;Porto Alegre;56324902;222,08;3,280;17/12/2024;café + dados;111
551;444151;Ciça Silva;Florianópolis;22325567;739,34;2,946;04/09/2026;ação necessária;85
552;869634;Ciça Martí;Curitiba;55568711;436,25;12,271;31/07/2026;cliente pediu revisão;140
553;290120;María García;Foz do Iguaçu;66180344;839,43;10,751;09/04/2026;pendência: e-mail;18
554;046228;José Martí;Porto Alegre;50829941;135,04;12,151;23/09/2026;cliente pediu revisão;176
555;003717;María Silva;Maceió;47141449;732,51;5,668;12/09/2025;pagamento em atraso;
556;349759;Fábio Souza;Belo Horizonte;73286096;877,13;2,860;08/01/2026;pendência: e-mail;139
557;808577;Davi Martí;Belo Horizonte;50378298;462,92;2,989;19/03/2026;válido;146
558;137174;Júlia Oliveira;Maceió;13613510;359,02;14,909;11/09/2025;teste de importação;75
559;668061;Ana Silva;Maceió;64355957;305,86;4,179;28/06/2024;válido;8
560;274680;Luísa Mendes;Porto Alegre;77585294;551,57;9,854;13/09/2024;ação necessária;27
561;169430;Ícaro Oliveira;Porto Alegre;87371655;176,42;11,228;03/10/2024;válido;127
562;777236;Júlia Mendes;São Paulo;92229108;606,41;9,920;29/01/2024;cliente pediu revisão;51
563;463298;Renée Silva;São Luís;30277201;841,11;2,447;25/01/2025;cliente pediu revisão;82
564;578478;Heloísa Souza;Vitória;21831387;858,00;6,462;17/08/2024;café + dados;110
565;739945;João Costa;Curitiba;60570772;140,72;11,395;02/02/2024;pagamento em atraso;
566;448462;María Oliveira;Florianópolis;09893106;538,54;8,362;20/01/2025;ok;116
567;588153;Müller García;Vitória;04484588;263,71;10,820;24/02/2024;teste de importação;68
568;010139;José Costa;Porto Alegre;39581964;885,56;2,861;04/03/2025;pendência: e-mail;98
569;117308;María Costa;Porto Alegre;02694823;77,31;0,968;12/09/2026;pendência: e-mail;139
570;078898;José Silva;São Paulo;42777459;76,25;7,173;24/10/2024;pendência: e-mail;
571;990957;María García;São Luís;35047967;19,59;14,457;10/05/2025;pagamento em atraso;179
572;926004;Bárbara Mendes;Curitiba;14055958;507,16;1,382;11/06/2026;pagamento em atraso;122
573;724586;José Souza;Curitiba;09959009;32,13;9,851;25/01/2025;ação necessária;52
574;947837;Davi Mendes;Cuiabá;45876720;581,73;6,931;25/06/2024;pendência: e-mail;150
575;156294;André Silva;Foz do Iguaçu;22831133;405,32;12,989;08/09/2025;ok;143
576;572092;Bárbara Pereira;São Luís;50393104;589,86;4,593;07/08/2026;pendência: e-mail;56
577;037778;Ícaro Oliveira;Foz do Iguaçu;21596235;905,49;10,092;30/10/2024;café + dados;38
578;875136;Luísa García;Foz do Iguaçu;98245375;551,49;11,779;28/08/2026;ok;108
579;387151;João Martí;João Pessoa;10066654;543,38;11,227;14/05/2026;ok;180
580;610805;María García;Vitória;73423305;997,73;3,568;14/02/2024;cliente pediu revisão;41
581;579364;Ana Souza;João Pessoa;12496299;472,16;10,602;26/08/2024;pagamento em atraso;166
582;155287;Müller Martí;Foz do Iguaçu;45358959;774,65;8,576;06/12/2024;ok;
583;450664;José Silva;Rio de Janeiro;79729429;366,09;12,610;08/11/2024;café + dados;121
584;133636;Ciça Mendes;Goiânia;82362000;223,86;;30/06/2026;pagamento em atraso;
585;043860;João García;Belo Horizonte;64791834;771,60;2,275;20/09/2026;válido;162
586;323232;Fábio Costa;Campinas;94557013;732,76;3,916;23/08/2026;ok;74
587;382364;Ícaro Silva;Campinas;04159837;291,42;3,542;10/02/2024;pagamento em atraso;145
588;942650;Fábio Souza;Curitiba;57891237;464,77;;09/07/2026;cliente pediu revisão;75
589;978413;Fábio Pereira;Florianópolis;87729428;510,39;14,127;11/05/2025;café + dados;8
590;834794;Ícaro Souza;João Pessoa;22145548;396,99;12,664;16/02/2025;ok;73
591;902512;Júlia Martí;Cuiabá;81512791;502,16;9,861;26/08/2025;pendência: e-mail;144
592;041832;Ana Silva;Maceió;58277389;662,35;2,504;13/03/2026;teste de importação;6
593;942590;Fábio Martí;Rio de Janeiro;21086112;847,29;2,645;14/04/2024;ok;173
594;375190;Davi Oliveira;Florianópolis;07188130;805,93;13,579;14/11/2025;ação necessária;140
595;220281;Davi Mendes;Goiânia;13590593;613,81;14,534;17/01/2024;cliente pediu revisão;167
596;715198;Ícaro Mendes;Maceió;44438762;166,51;10,678;29/07/2024;ação necessária;169
597;261650;Bárbara Oliveira;Campinas;27588517;514,11;7,431;03/06/2026;pendência: e-mail;136
598;699330;Júlia Oliveira;Vitória;25499255;446,33;9,871;01/05/2026;cliente pediu revisão;177
599;107786;José Mendes;Porto Alegre;54932613;179,79;4,725;12/10/2026;pagamento em atraso;26
600;370858;João Costa;Vitória;93576157;947,81;13,628;18/08/2025;válido;121
601;818011;María Silva;Porto Alegre;74371711;659,09;5,392;16/03/2024;café + dados;
602;587080;Júlia Pereira;Vitória;96910313;966,80;1,851;25/09/2026;pendência: e-mail;28
603;927082;Heloísa Silva;João Pessoa;97975452;735,45;6,236;29/03/2026;cliente pediu revisão;164
604;917202;Fábio Costa;Campinas;72494408;483,54;1,653;22/09/2026;cliente pediu revisão;165
605;426117;Müller García;Campinas;35603234;359,08;4,558;17/11/2026;cliente pediu revisão;82
606;650810;Davi Mendes;Rio de Janeiro;88663948;219,38;7,782;26/09/2026;válido;135
607;785884;Luísa Silva;Florianópolis;37785387;487,67;9,466;19/04/2025;ação necessária;108
608;162060;Júlia Pereira;Vitória;39916439;63,74;7,787;04/05/2024;ação necessária;64
609;970733;Luísa Martí;Belo Horizonte;31883191;369,70;11,716;17/12/2026;teste de importação;85
610;975050;Davi Silva;Rio de Janeiro;12873617;43,72;9,935;08/02/2024;ação necessária;144
611;248237;Davi Martí;Maceió;06661956;207,36;10,959;14/05/2026;ação necessária;70
612;906604;Luísa Souza;São Luís;52734442;906,91;1,835;08/10/2025;pagamento em atraso;44
613;170395;Júlia Martí;Foz do Iguaçu;76741644;361,53;4,358;10/05/2024;cliente pediu revisão;131
614;838742;Ciça García;Cuiabá;73774469;469,73;13,530;02/07/2025;válido;35
615;850155;Ícaro Mendes;Vitória;65893962;454,73;9,893;04/05/2026;cliente pediu revisão;69
616;185652;Heloísa García;Vitória;20614492;47,34;10,237;27/08/2026;cliente pediu revisão;158
617;924231;Fábio Oliveira;João Pessoa;07315517;979,63;10,741;27/08/2024;teste de importação;18
618;432322;Renée Mendes;Maceió;48429638;324,42;8,960;10/10/2026;ação necessária;107
619;025990;Fábio Costa;Belo Horizonte;00512117;703,33;14,147;11/12/2025;pagamento em atraso;166
620;188073;Júlia Souza;Campinas;57392300;521,33;6,992;07/07/2026;ação necessária;90
621;772343;Ícaro García;João Pessoa;11761279;828,99;11,889;12/06/2026;pagamento em atraso;
622;969395;José García;Curitiba;39533757;834,20;8,470;12/02/2024;ok;18
623;348321;André Oliveira;Cuiabá;88854850;263,79;;26/11/2024;ok;38
624;820391;Müller Costa;João Pessoa;83898287;544,26;12,415;12/08/2025;cliente pediu revisão;125
625;976031;Fábio Souza;Belo Horizonte;80559564;174,50;8,855;28/01/2025;válido;172
626;431712;José Martí;Campinas;64468586;653,37;5,897;19/08/2026;pagamento em atraso;140
627;841204;Bárbara Costa;São Luís;26799898;365,57;6,489;05/12/2025;teste de importação;125
628;702448;Luísa Mendes;Belo Horizonte;13017361;653,03;14,415;16/06/2026;teste de importação;57
629;906036;André García;Goiânia;03454186;834,80;8,392;20/04/2025;ação necessária;147
630;770763;Ana Mendes;Porto Alegre;27776759;516,63;1,942;05/11/2026;ação necessária;60
631;850132;Fábio Mendes;Porto Alegre;22928708;376,58;11,684;25/03/2025;válido;
632;260222;João Martí;Vitória;85656500;906,43;3,308;25/11/2025;válido;104
633;279766;André García;Belo Horizonte;39166271;516,34;;17/08/2026;pagamento em atraso;166
634;166931;Luísa Silva;Vitória;10997276;353,19;3,512;25/09/2024;ação necessária;0
635;825622;José García;Porto Alegre;63561576;866,98;13,530;23/08/2025;ação necessária;130
636;735343;Fábio Oliveira;Porto Alegre;15503345;486,89;5,902;10/03/2026;pagamento em atraso;91
637;113346;João Oliveira;Belo Horizonte;41386492;482,15;9,786;03/05/2026;teste de importação;112
638;401124;Davi Mendes;Florianópolis;53347164;604,00;2,787;07/01/2026;teste de importação;152
639;914533;João Oliveira;Maceió;63209094;501,83;11,020;25/08/2026;ok;55
640;040605;José Pereira;Goiânia;65645462;139,69;7,747;27/11/2024;cliente pediu revisão;160
641;900300;Júlia Martí;São Luís;88723294;166,27;;28/02/2025;válido;165
642;493554;Fábio García;Maceió;35568288;77,93;5,170;01/08/2025;teste de importação;116
643;233238;André Silva;Belo Horizonte;12232184;643,19;12,646;25/06/2024;cliente pediu revisão;133
644;209267;André Oliveira;Goiânia;86149847;212,09;14,941;15/09/2026;válido;57
645;856253;Bárbara Mendes;Belo Horizonte;73031359;187,53;;21/09/2024;ação necessária;43
646;963066;Fábio Martí;Florianópolis;52013009;362,50;;20/12/2024;pendência: e-mail;172
647;482662;Renée Souza;Cuiabá;24814337;716,87;1,408;12/02/2025;ação necessária;159
648;366643;André Oliveira;Belo Horizonte;49797531;119,09;12,261;16/11/2024;pagamento em atraso;172
649;320015;Müller Martí;Belo Horizonte;51196706;230,89;7,309;04/10/2026;café + dados;60
650;860394;Ciça Martí;Campinas;49580252;810,55;13,214;25/07/2024;teste de importação;46
651;833980;Bárbara Costa;Rio de Janeiro;25042738;719,82;9,027;01/05/2026;cliente pediu revisão;148
652;913648;María Souza;Florianópolis;59830944;481,55;1,324;08/10/2026;pagamento em atraso;79
653;238651;João Oliveira;Vitória;05988382;478,86;10,084;13/09/2025;ação necessária;117
654;233752;Renée García;São Paulo;35338986;211,28;13,836;25/04/2025;válido;163
655;024813;Heloísa Souza;Rio de Janeiro;59020960;161,92;;04/03/2025;café + dados;146
656;692094;Luísa Costa;Campinas;62419022;832,70;2,654;06/04/2024;pendência: e-mail;19
657;202511;Ícaro Mendes;São Paulo;35353058;23,40;1,509;07/02/2024;pagamento em atraso;145
658;417821;María Costa;Florianópolis;30365724;44,06;12,070;04/01/2026;ok;46
659;344207;Ícaro Mendes;Belo Horizonte;36045780;573,34;3,224;18/06/2025;café + dados;48
660;292136;María Souza;Curitiba;75731895;161,81;12,413;01/01/2026;pagamento em atraso;13
661;906339;Ana Souza;Rio de Janeiro;08273096;629,28;7,859;20/11/2024;teste de importação;142
662;072792;Renée Oliveira;Porto Alegre;20284415;40,11;3,932;23/12/2024;válido;158
663;810891;Heloísa Mendes;Goiânia;93478748;572,12;6,852;28/10/2026;ok;0
664;292683;José Martí;Goiânia;89586100;56,80;14,747;06/03/2024;teste de importação;116
665;368203;Bárbara Martí;Maceió;12979206;258,74;5,404;10/05/2024;ok;53
666;672642;Ícaro Souza;Florianópolis;11503440;180,68;8,979;22/11/2025;teste de importação;117
667;534150;Müller Costa;Porto Alegre;89676390;957,32;12,677;31/05/2026;pendência: e-mail;2
668;419093;Heloísa Costa;Maceió;46142898;599,16;11,652;21/08/2024;pagamento em atraso;143
669;712526;Davi Oliveira;Florianópolis;72672055;563,48;5,564;09/04/2025;teste de importação;11
670;884642;Ícaro Oliveira;Porto Alegre;55564347;19,58;2,806;04/09/2024;cliente pediu revisão;73
671;562262;Júlia Martí;São Luís;79151743;719,11;10,687;03/04/2025;pendência: e-mail;15
672;347235;Müller Pereira;Rio de Janeiro;30536245;661,42;7,029;23/09/2026;válido;101
673;984861;José Pereira;Florianópolis;74303190;283,89;1,378;12/06/2025;ação necessária;151
674;028941;Júlia Oliveira;Florianópolis;08185099;86,58;12,833;27/11/2025;cliente pediu revisão;155
675;120944;María Mendes;Belo Horizonte;51956500;449,30;11,843;28/12/2025;ação necessária;116
676;919641;João Martí;João Pessoa;70139805;991,79;;05/04/2024;cliente pediu revisão;7
677;273903;Müller Martí;Vitória;56187845;866,57;0,890;01/07/2025;pagamento em atraso;121
678;187241;Renée Oliveira;São Paulo;71875527;171,23;2,066;05/11/2024;café + dados;91
679;608792;André Souza;Foz do Iguaçu;92216696;829,70;13,394;21/11/2026;ação necessária;163
680;278361;José Costa;Foz do Iguaçu;63729850;600,64;12,265;01/08/2024;válido;89
681;040115;Ciça Mendes;Curitiba;76868410;794,03;10,631;13/04/2024;ação necessária;135
682;113668;Müller García;Cuiabá;31627336;819,81;9,886;15/06/2026;pagamento em atraso;59
683;625550;Júlia García;São Paulo;63922841;182,52;6,651;25/07/2026;cliente pediu revisão;177
684;455673;Davi Souza;Cuiabá;40111251;659,33;9,470;15/08/2024;ok;
685;362479;Ana Martí;Curitiba;10597167;264,99;;04/08/2024;teste de importação;100
686;763934;Bárbara Souza;Goiânia;52989744;723,74;7,898;27/07/2024;pendência: e-mail;40
687;824629;Renée Mendes;Cuiabá;95872488;342,99;9,706;26/03/2024;café + dados;154
688;328914;Bárbara Martí;Belo Horizonte;04661179;453,56;5,740;04/11/2026;ação necessária;144
689;457592;Ana Oliveira;Foz do Iguaçu;67390918;590,41;;03/08/2024;ok;160
690;635656;Júlia Oliveira;Florianópolis;76667841;230,35;2,469;08/12/2024;válido;156
691;536265;Ciça Silva;Vitória;69366056;385,69;2,159;29/08/2024;ação necessária;140
692;121263;Davi Souza;São Luís;76703472;109,35;11,608;24/02/2025;cliente pediu revisão;45
693;403906;Müller Oliveira;Foz do Iguaçu;90937192;202,94;3,914;10/01/2026;ação necessária;34
694;943199;Luísa Oliveira;Foz do Iguaçu;83251648;858,87;10,162;17/11/2024;pendência: e-mail;133
695;604596;Ana Martí;Florianópolis;19790089;504,35;3,551;21/08/2025;teste de importação;
696;199312;Heloísa Pereira;Goiânia;16143959;419,96;10,530;23/06/2026;ok;114
697;267095;Fábio Costa;Goiânia;60269093;150,26;7,537;02/11/2026;café + dados;46
698;046542;Davi Souza;João Pessoa;23203422;97,11;10,316;17/10/2026;teste de importação;
699;743215;Luísa Pereira;Vitória;22436477;475,92;;22/07/2024;cliente pediu revisão;9
700;457239;Bárbara Costa;João Pessoa;28439415;614,52;4,848;11/11/2024;válido;55
701;001773;Ana Costa;Cuiabá;25867257;39,96;5,547;14/01/2026;café + dados;29
702;545175;André Souza;Foz do Iguaçu;16936398;783,30;11,569;16/11/2025;cliente pediu revisão;108
703;970535;Müller Oliveira;Goiânia;05727862;503,32;;09/10/2024;ação necessária;4
704;845687;André Oliveira;Rio de Janeiro;56824417;118,28;13,933;08/09/2024;teste de importação;
705;564607;Ana Martí;Campinas;10518444;482,28;11,954;17/02/2025;teste de importação;32
706;720221;Davi Silva;Goiânia;91687548;131,07;2,448;18/06/2026;ação necessária;117
707;754377;Davi Silva;Rio de Janeiro;58437492;603,27;11,044;01/05/2026;ação necessária;64
708;985937;José Silva;Foz do Iguaçu;27101146;826,87;5,429;14/01/2024;cliente pediu revisão;
709;777991;Bárbara Costa;São Paulo;84184877;896,18;10,411;17/05/2025;ação necessária;176
710;772840;Bárbara Pereira;Foz do Iguaçu;19847882;774,32;11,861;28/08/2026;ação necessária;10
711;703204;Júlia García;São Luís;79865944;648,93;2,193;30/11/2025;válido;84
712;206606;André Silva;Florianópolis;34612921;522,00;13,152;10/08/2025;teste de importação;25
713;381913;Renée Costa;Goiânia;42916049;370,64;3,933;31/10/2026;ok;62
714;452248;Bárbara Costa;Curitiba;97590113;44,35;7,679;16/12/2024;pendência: e-mail;85
715;073372;Renée Pereira;Porto Alegre;08994192;529,76;2,858;23/06/2024;cliente pediu revisão;58
716;994967;Júlia García;João Pessoa;11680625;230,03;7,261;28/06/2025;pagamento em atraso;26
717;696503;Luísa Mendes;São Luís;52089786;801,70;2,737;01/02/2026;pendência: e-mail;
718;965498;José Silva;Rio de Janeiro;74673939;788,98;9,775;29/04/2026;pagamento em atraso;160
719;346239;Ana Mendes;Maceió;53332084;381,47;3,671;08/01/2026;ação necessária;97
720;653425;Ciça Mendes;Foz do Iguaçu;74095459;588,87;10,629;17/05/2025;cliente pediu revisão;104
721;329164;Renée Pereira;Curitiba;43771998;740,91;;06/11/2024;ok;98
722;695612;Fábio Oliveira;Cuiabá;37071046;761,02;12,893;20/12/2026;ação necessária;128
723;889208;Fábio Martí;Rio de Janeiro;69751366;696,31;3,231;13/05/2026;ok;148
724;130679;Ícaro Martí;São Paulo;61492815;98,52;13,387;12/04/2025;pagamento em atraso;54
725;754717;Ciça Oliveira;Florianópolis;01659440;134,62;12,012;09/10/2024;ok;5
726;943767;Júlia Martí;Cuiabá;94007723;477,19;9,484;28/05/2026;ação necessária;94
727;314910;Müller Souza;Campinas;83625419;233,05;14,576;26/04/2026;ação necessária;132
728;531756;Fábio Pereira;Rio de Janeiro;78863127;858,34;2,028;18/04/2026;pagamento em atraso;101
729;324308;Renée Souza;Rio de Janeiro;70137085;283,70;7,747;28/07/2026;válido;2
730;699287;Luísa Mendes;João Pessoa;56316931;876,01;9,200;23/11/2026;pendência: e-mail;180
731;428231;María Oliveira;Florianópolis;15102023;408,83;4,764;10/01/2026;café + dados;22
732;342027;José Silva;Rio de Janeiro;55625517;189,64;11,254;01/03/2024;ok;52
733;421947;Luísa García;João Pessoa;20084652;708,73;5,448;25/06/2026;ação necessária;164
734;731076;Davi García;Foz do Iguaçu;19891032;788,84;13,464;25/10/2024;ação necessária;82
735;310016;María Oliveira;Foz do Iguaçu;76046949;577,83;2,915;21/01/2024;válido;144
736;581343;Davi Martí;Curitiba;78911183;118,59;0,872;25/11/2026;ok;
737;133470;Heloísa Martí;Curitiba;78205594;8,18;1,369;22/05/2024;ação necessária;77
738;201158;María Oliveira;Foz do Iguaçu;13449152;654,24;11,714;22/06/2024;café + dados;109
739;440869;Renée Mendes;São Luís;14178065;687,39;;23/11/2025;café + dados;0
740;697229;Renée Costa;Vitória;75522135;316,27;7,606;06/10/2025;pendência: e-mail;50
741;986042;Renée Silva;São Luís;13554707;362,55;12,462;02/04/2026;ação necessária;172
742;397562;José García;Campinas;38398732;155,47;4,215;02/12/2024;café + dados;3
743;710219;Müller Mendes;Rio de Janeiro;71891508;651,27;0,976;07/06/2026;pendência: e-mail;112
744;784475;María Pereira;São Luís;46153339;254,13;14,289;05/05/2024;pagamento em atraso;31
745;946660;André Martí;Vitória;55148727;854,27;5,000;16/03/2026;teste de importação;33
746;182480;João Silva;Maceió;35451818;423,71;2,088;16/03/2024;válido;91
747;645414;Luísa Mendes;Porto Alegre;51411224;365,91;5,129;05/11/2024;válido;
748;596750;André Mendes;Belo Horizonte;87884113;276,01;12,982;28/04/2024;ok;71
749;315568;Luísa Silva;Vitória;65174087;680,24;1,147;30/11/2026;pendência: e-mail;38
750;425800;Davi Souza;Belo Horizonte;76775659;754,46;11,760;28/08/2025;pendência: e-mail;153
751;574553;Ciça Oliveira;Foz do Iguaçu;81733516;413,40;6,556;08/05/2026;válido;161
752;874224;Heloísa Costa;Curitiba;63491242;783,22;6,060;03/04/2026;válido;117
753;000425;Ícaro Martí;Rio de Janeiro;05028557;482,50;9,794;15/09/2025;ok;2
754;318635;Júlia García;Curitiba;23112256;370,47;1,804;04/10/2025;pendência: e-mail;122
755;300850;Fábio Silva;Foz do Iguaçu;36965460;554,80;5,527;05/12/2025;cliente pediu revisão;49
756;220392;Ciça Silva;São Paulo;54086249;254,27;;17/01/2024;válido;11
757;450770;André Pereira;Vitória;19307578;307,04;4,631;26/07/2025;válido;53
758;823927;Fábio Costa;Campinas;82979370;344,67;8,503;16/12/2026;pagamento em atraso;132
759;608158;José García;Goiânia;81692326;705,08;11,985;27/10/2024;café + dados;56
760;636130;Müller Mendes;Cuiabá;91377155;735,31;13,308;07/04/2026;ok;144
761;686508;Júlia Costa;Vitória;93101637;854,29;1,578;02/07/2026;ok;111
762;337902;Davi Souza;Goiânia;53917932;658,96;10,380;24/02/2025;café + dados;46
763;487575;Ana Souza;Belo Horizonte;05205303;747,32;2,376;24/06/2026;válido;150
764;463246;Ciça Martí;Campinas;53122402;446,70;9,592;08/12/2025;pendência: e-mail;84
765;463638;Júlia Martí;São Luís;44492381;698,91;3,289;08/04/2026;café + dados;
766;708446;Müller Martí;Cuiabá;92679187;162,47;1,751;08/02/2025;pendência: e-mail;65
767;224082;Júlia Oliveira;Cuiabá;31887353;215,03;3,707;09/09/2025;café + dados;74
768;536004;María García;Vitória;06615722;400,76;4,189;21/06/2024;válido;178
769;496171;Müller Silva;Cuiabá;63782705;338,76;7,595;16/03/2024;pendência: e-mail;102
770;832291;João Silva;Rio de Janeiro;36048781;550,48;9,038;16/11/2025;pagamento em atraso;165
771;944956;Ana Martí;Goiânia;49988144;696,66;3,779;09/03/2026;teste de importação;37
772;834692;Júlia Mendes;Maceió;02715612;706,38;4,001;15/09/2024;ok;49
773;771711;Müller Mendes;Rio de Janeiro;45347617;161,42;4,596;01/12/2026;pendência: e-mail;97
774;177934;Ana Oliveira;João Pessoa;40675347;963,64;4,735;04/08/2025;ação necessária;81
775;690855;Fábio Martí;Belo Horizonte;41734908;6,28;;13/03/2025;ok;29
776;088914;Ana García;Foz do Iguaçu;37627490;91,91;7,704;09/07/2024;ação necessária;78
777;297571;André Costa;Foz do Iguaçu;65984013;146,04;2,542;13/11/2026;cliente pediu revisão;90
778;540490;André Martí;Porto Alegre;93440079;925,01;10,432;01/10/2025;cliente pediu revisão;178
779;696101;Müller Mendes;São Paulo;91919283;435,51;4,950;03/12/2026;teste de importação;51
780;663686;Ícaro Costa;Cuiabá;13182514;64,95;12,159;28/11/2025;pendência: e-mail;165
781;649342;Renée Silva;Rio de Janeiro;30595926;222,33;12,285;23/11/2024;válido;78
782;351470;Fábio Martí;Maceió;18036919;80,88;1,732;17/02/2024;válido;29
783;097923;Bárbara Souza;Belo Horizonte;40329802;38,68;7,302;27/02/2024;válido;105
784;858179;Ciça Costa;São Luís;99820897;384,56;13,551;13/06/2025;teste de importação;
785;998243;Júlia Silva;Rio de Janeiro;59473299;983,48;14,384;09/05/2025;válido;80
786;787625;André Mendes;Belo Horizonte;43066216;613,74;4,718;14/09/2025;pendência: e-mail;132
787;246277;Luísa Pereira;Curitiba;36160937;520,96;7,848;15/05/2026;café + dados;28
788;705477;Ícaro Silva;Belo Horizonte;97817801;711,18;8,194;31/10/2026;pagamento em atraso;131
789;325498;André Mendes;São Luís;55938288;597,28;4,963;14/08/2024;válido;137
790;235552;Ana García;Campinas;81198924;944,82;8,488;02/05/2024;cliente pediu revisão;144
791;845742;Ana Pereira;Rio de Janeiro;86644900;819,59;5,723;02/02/2026;pagamento em atraso;73
792;208802;João Souza;Curitiba;11983878;640,01;9,955;15/06/2025;válido;16
793;154511;María Silva;Foz do Iguaçu;25224301;439,09;1,694;05/11/2026;ok;83
794;025611;Renée Martí;Rio de Janeiro;59286198;202,30;4,099;26/12/2025;ação necessária;68
795;048458;Ciça Oliveira;Maceió;28372352;656,57;9,954;10/09/2024;válido;
796;256736;Ciça Pereira;Porto Alegre;54649480;803,30;5,668;07/04/2024;café + dados;5
797;498216;Ciça Mendes;Florianópolis;99447927;286,43;5,434;12/09/2024;teste de importação;
798;640967;Davi Silva;Belo Horizonte;65023164;34,54;10,695;08/07/2026;pendência: e-mail;125
799;891014;Ícaro Oliveira;Vitória;69323646;599,32;7,123;02/09/2025;teste de importação;42
800;805819;Müller Pereira;Maceió;50185378;515,78;2,674;11/01/2024;cliente pediu revisão;114
801;076365;Müller Martí;Cuiabá;07543817;232,21;3,239;17/07/2026;válido;110
802;477538;Bárbara Mendes;Maceió;69158328;170,14;7,676;25/11/2025;válido;
803;434572;Müller García;Porto Alegre;21336920;36,99;11,730;28/04/2025;ação necessária;79
804;929181;Fábio Oliveira;Porto Alegre;08806960;239,78;;28/12/2026;ação necessária;94
805;660356;Renée Martí;Florianópolis;41758234;1,29;7,274;23/04/2025;pendência: e-mail;117
806;603634;Müller Martí;João Pessoa;95236792;158,13;13,923;18/12/2025;cliente pediu revisão;143
807;203880;Bárbara Costa;Maceió;68020910;995,82;4,851;04/09/2025;teste de importação;7
808;753240;André Mendes;Foz do Iguaçu;54141437;779,11;12,719;05/08/2025;cliente pediu revisão;131
809;730180;María Pereira;Foz do Iguaçu;18206610;353,42;10,262;13/10/2024;ok;103
810;402630;Luísa Costa;João Pessoa;70368504;395,35;4,178;12/02/2026;café + dados;131
811;518392;María Costa;Porto Alegre;76325904;585,91;;30/11/2026;pendência: e-mail;24
812;419066;Júlia Costa;Goiânia;03885356;517,71;2,596;22/05/2025;ok;95
813;255836;Ícaro Pereira;São Luís;23318633;736,45;3,420;03/08/2024;café + dados;154
814;154739;Ícaro Mendes;Cuiabá;25872271;69,48;1,293;02/11/2025;ação necessária;92
815;687926;Fábio Mendes;São Luís;26941091;90,99;5,683;23/11/2026;ok;159
816;721024;Fábio Costa;Campinas;07734634;284,92;8,466;29/01/2025;cliente pediu revisão;177
817;005814;Luísa Souza;Florianópolis;33486016;829,11;5,082;09/01/2026;pagamento em atraso;60
818;936021;André García;Florianópolis;04438720;914,18;6,545;19/07/2026;pagamento em atraso;121
819;787443;Heloísa García;Campinas;61263503;348,40;2,864;19/07/2024;válido;50
820;902237;Davi Martí;Vitória;06785951;962,36;5,347;27/10/2024;válido;146
821;807451;Júlia Oliveira;São Paulo;48368724;276,95;;21/05/2026;pagamento em atraso;20
822;928477;Luísa Silva;Rio de Janeiro;94574367;606,15;14,654;23/04/2026;ação necessária;4
823;111764;Luísa Souza;Foz do Iguaçu;26724061;195,14;10,817;16/06/2024;válido;91
824;816232;Fábio Mendes;Rio de Janeiro;36772637;928,85;4,916;07/07/2024;ok;169
825;445798;Bárbara Costa;São Luís;49439358;574,76;14,726;07/05/2024;válido;60
826;229471;Ícaro Mendes;João Pessoa;62306347;261,59;2,889;20/05/2026;café + dados;21
827;184430;María Pereira;São Luís;67796914;407,32;13,678;23/09/2024;café + dados;148
828;843170;Davi Costa;Florianópolis;53276690;107,25;10,586;02/09/2026;válido;69
829;729716;Heloísa Costa;Maceió;85283260;73,24;13,582;15/03/2025;café + dados;0
830;543118;Ana Souza;Maceió;16625933;294,66;8,624;02/07/2026;válido;
831;487115;André Pereira;São Luís;91425675;946,12;6,503;08/06/2024;pagamento em atraso;11
832;052657;María Silva;Campinas;04102122;802,34;7,133;26/01/2026;pagamento em atraso;89
833;584482;Bárbara Pereira;Rio de Janeiro;32472381;955,80;1,581;13/12/2026;teste de importação;45
834;261303;Bárbara Pereira;João Pessoa;49991642;875,36;9,085;04/04/2026;ok;33
835;962037;João Souza;Foz do Iguaçu;65603845;812,52;14,086;28/11/2026;café + dados;176
836;889545;Ciça Martí;Goiânia;79731181;574,74;1,120;19/03/2026;ação necessária;77
837;127253;Ícaro Mendes;Porto Alegre;59874989;693,80;7,126;24/06/2025;válido;44
838;478634;José Oliveira;Curitiba;23834879;965,12;2,041;18/10/2026;café + dados;154
839;139816;João Oliveira;Porto Alegre;63697356;563,04;3,561;17/05/2026;cliente pediu revisão;72
840;840346;Ciça Mendes;Rio de Janeiro;78769733;769,43;9,392;20/06/2026;ok;25
841;487213;Renée Pereira;Curitiba;73998759;756,96;13,700;29/09/2026;pendência: e-mail;46
842;700005;Júlia Costa;Florianópolis;46943979;960,32;2,901;03/05/2026;cliente pediu revisão;120
843;556932;Fábio Costa;Cuiabá;46204319;458,93;6,049;29/11/2024;pagamento em atraso;55
844;586075;Bárbara Silva;Campinas;21946425;460,80;4,842;22/10/2024;pagamento em atraso;93
845;624377;Heloísa Souza;Rio de Janeiro;34716747;586,65;14,681;01/11/2026;válido;106
846;332711;Bárbara Pereira;Cuiabá;92455954;28,30;2,044;17/09/2024;válido;62
847;996188;Müller Silva;Campinas;12132198;117,04;7,108;19/09/2026;café + dados;47
848;791937;Heloísa Oliveira;Goiânia;38261364;68,42;12,212;26/07/2026;válido;60
849;934727;Ciça Oliveira;Vitória;03684342;633,39;12,241;21/09/2024;ok;80
850;464071;Heloísa Silva;Belo Horizonte;51883966;993,21;6,818;17/11/2026;ok;25
851;642412;Davi García;Vitória;06664050;676,56;2,782;19/12/2026;teste de importação;35
852;854596;Júlia Mendes;Rio de Janeiro;21865061;230,47;2,022;29/08/2024;ok;0
853;754213;Ana Costa;Florianópolis;76807176;316,10;7,540;11/03/2025;ok;7
854;935351;Heloísa Silva;Foz do Iguaçu;28765353;954,53;14,810;21/07/2026;ação necessária;112
855;529298;João Costa;Campinas;29709238;516,47;;27/08/2026;pendência: e-mail;98
856;447470;André Souza;Maceió;86889858;10,70;11,537;07/03/2024;ok;179
857;870914;Heloísa Martí;Foz do Iguaçu;30214026;831,51;6,614;17/11/2024;pagamento em atraso;46
858;950906;Luísa Mendes;São Paulo;90958716;248,76;6,686;26/01/2026;pendência: e-mail;
859;574485;Bárbara Mendes;São Paulo;27746963;93,82;10,886;31/08/2024;ação necessária;55
860;467574;Heloísa Oliveira;João Pessoa;36115786;673,35;2,744;16/04/2026;ok;13
861;940790;Davi Mendes;Maceió;87454571;820,43;6,221;13/08/2024;ação necessária;27
862;166889;Luísa Pereira;Foz do Iguaçu;54963125;76,88;1,400;04/09/2024;cliente pediu revisão;77
863;779779;Júlia Souza;Rio de Janeiro;68891441;930,53;12,651;26/01/2026;ok;129
864;903342;Fábio Oliveira;Florianópolis;02691381;476,60;8,742;16/08/2025;ação necessária;108
865;497732;Ícaro Mendes;São Paulo;91563298;353,83;1,181;23/03/2024;café + dados;153
866;471932;Bárbara Costa;João Pessoa;01194267;893,53;;06/12/2026;válido;13
867;271782;Ícaro Oliveira;Rio de Janeiro;63632249;269,54;14,376;09/11/2024;pendência: e-mail;55
868;788295;João Martí;Belo Horizonte;17758896;946,22;7,510;29/08/2024;pagamento em atraso;114
869;259249;Júlia Costa;Florianópolis;86888739;682,74;13,476;30/01/2026;ok;6
870;880660;André Pereira;Florianópolis;23246598;909,11;7,785;16/09/2025;pagamento em atraso;2
871;668636;Ana García;São Paulo;80683906;499,00;4,275;05/02/2026;café + dados;110
872;290782;Davi García;Porto Alegre;01135982;200,27;4,736;13/09/2025;pagamento em atraso;150
873;803013;Müller Martí;Curitiba;30033905;734,96;1,747;25/08/2025;válido;106
874;815451;José García;São Luís;33875271;872,00;9,051;22/09/2026;pagamento em atraso;17
875;546622;Bárbara Souza;Belo Horizonte;81650533;207,37;13,131;27/02/2024;café + dados;37
876;508136;Ana Oliveira;Maceió;40998106;203,36;7,560;19/10/2024;pagamento em atraso;114
877;657193;Renée Martí;Cuiabá;95662408;250,20;2,498;18/10/2024;teste de importação;14
878;250867;Heloísa Pereira;Belo Horizonte;95209787;618,36;8,969;13/05/2026;cliente pediu revisão;118
879;287936;João Costa;Rio de Janeiro;86267144;156,68;3,112;09/04/2024;ação necessária;27
880;461239;Ciça Pereira;Cuiabá;36960684;107,48;;16/09/2025;pendência: e-mail;38
881;081247;Renée Costa;João Pessoa;56882385;919,35;13,272;03/08/2025;pendência: e-mail;16
882;748206;Fábio Costa;Maceió;50529679;675,46;3,119;17/03/2025;pagamento em atraso;85
883;299607;André Silva;Campinas;46802956;663,10;6,757;09/01/2025;cliente pediu revisão;125
884;245884;Luísa Martí;Cuiabá;61605671;613,60;5,855;28/09/2026;cliente pediu revisão;43
885;284913;Ícaro Pereira;João Pessoa;33822694;763,72;8,320;05/01/2024;café + dados;24
886;352161;João Souza;Campinas;29287523;541,39;8,097;07/09/2024;cliente pediu revisão;
887;335239;Renée Costa;Maceió;62639147;43,18;3,402;15/12/2025;cliente pediu revisão;12
888;936406;Ana García;Maceió;40553227;482,33;11,487;18/05/2024;pagamento em atraso;
889;566390;Bárbara Costa;Belo Horizonte;90891729;620,43;13,189;01/04/2024;ação necessária;67
890;084491;Ícaro Souza;São Paulo;69878835;492,36;10,527;05/05/2026;cliente pediu revisão;137
891;145095;Bárbara Costa;Porto Alegre;83698993;984,39;10,533;12/09/2026;válido;66
892;158157;Fábio Pereira;Maceió;53304911;896,21;2,161;26/09/2025;café + dados;108
893;242495;María Oliveira;Cuiabá;78448538;868,03;12,491;15/07/2026;pendência: e-mail;145
894;401641;Renée Oliveira;São Luís;13732098;490,82;;22/11/2025;pendência: e-mail;110
895;727659;Renée Martí;São Luís;00986174;983,43;6,097;11/02/2026;teste de importação;110
896;160227;Ciça Mendes;Foz do Iguaçu;68654208;915,17;5,632;31/08/2026;válido;33
897;740734;Júlia Pereira;Curitiba;88899843;280,71;2,254;28/09/2024;teste de importação;110
898;224345;Júlia Pereira;Porto Alegre;50228268;222,65;3,940;10/10/2024;teste de importação;7
899;067348;Bárbara Souza;Maceió;75357498;576,51;13,538;30/10/2026;teste de importação;167
900;435020;Müller Mendes;João Pessoa;86884788;55,04;12,606;01/08/2026;teste de importação;112
901;427398;Müller Martí;São Luís;79694801;798,67;8,356;10/07/2026;ação necessária;82
902;346954;José Souza;João Pessoa;81745321;478,36;11,540;08/07/2026;teste de importação;41
903;568969;João Pereira;São Paulo;37940248;540,69;7,339;01/11/2024;válido;
904;488557;André Oliveira;Curitiba;40060760;502,47;;28/10/2025;válido;100
905;435970;Ana Martí;Florianópolis;91860376;393,93;13,912;01/07/2024;cliente pediu revisão;5
906;065290;Davi Mendes;João Pessoa;14509544;685,97;5,224;18/04/2026;teste de importação;179
907;216881;José Pereira;Belo Horizonte;64657836;175,45;12,402;04/03/2026;teste de importação;25
908;873349;Ícaro Mendes;Vitória;08568064;975,55;9,287;21/04/2025;pagamento em atraso;63
909;440552;José Mendes;Curitiba;45135227;697,85;5,657;20/03/2026;cliente pediu revisão;58
910;408396;Júlia Silva;Goiânia;37108953;460,15;1,208;25/11/2025;pendência: e-mail;108
911;948791;Renée Oliveira;Maceió;85979171;688,83;3,957;03/04/2024;válido;120
912;807189;Müller García;Florianópolis;43639158;12,80;2,822;26/06/2026;ok;32
913;612451;Renée Silva;São Paulo;37162866;211,33;2,580;22/07/2025;cliente pediu revisão;180
914;992017;Müller Mendes;São Paulo;35050544;580,85;1,916;30/06/2024;pagamento em atraso;149
915;729308;Bárbara Costa;São Luís;88062882;325,79;11,933;05/12/2024;café + dados;20
916;020480;Ícaro Silva;Campinas;95441390;612,55;;20/02/2024;ação necessária;69
917;898348;Ciça Costa;Rio de Janeiro;87438349;260,18;11,554;24/09/2025;teste de importação;111
918;923435;Davi Silva;João Pessoa;40103064;548,47;;10/09/2024;pendência: e-mail;3
919;802784;Ícaro Pereira;Rio de Janeiro;25281262;237,66;12,061;23/06/2024;pendência: e-mail;93
920;603655;André Souza;Porto Alegre;20123169;471,40;1,642;29/01/2025;válido;74
921;398858;João García;São Luís;69429969;612,86;4,393;18/04/2024;ação necessária;61
922;500149;Fábio Souza;Belo Horizonte;32252798;366,19;;04/12/2026;cliente pediu revisão;93
923;006182;Müller Silva;Florianópolis;07620167;498,77;11,515;22/01/2025;teste de importação;94
924;988536;Heloísa Souza;João Pessoa;80535106;211,11;13,865;01/09/2026;cliente pediu revisão;151
925;368845;Heloísa Mendes;Curitiba;54237172;700,31;13,597;26/10/2026;teste de importação;54
926;313118;João Costa;Porto Alegre;88654879;372,57;5,792;08/02/2024;cliente pediu revisão;136
927;790075;Ciça Oliveira;João Pessoa;42894071;853,62;12,811;03/09/2024;teste de importação;130
928;408930;Júlia Oliveira;São Luís;91369490;280,07;14,273;25/12/2026;pendência: e-mail;30
929;894905;Júlia García;Foz do Iguaçu;18781020;180,53;3,080;03/01/2025;ação necessária;39
930;934953;Fábio García;João Pessoa;96808992;131,88;11,145;08/02/2024;pendência: e-mail;35
931;999744;Renée García;João Pessoa;03416548;575,74;8,897;17/07/2025;válido;151
932;876325;Ciça Souza;Campinas;87966375;229,11;9,009;25/02/2025;pagamento em atraso;
933;439375;Bárbara Oliveira;Campinas;66756250;100,67;;17/05/2025;teste de importação;65
934;564365;Bárbara Martí;Cuiabá;39675382;270,41;3,520;28/06/2026;válido;74
935;783826;José Oliveira;Belo Horizonte;34819604;236,33;13,604;22/06/2024;pendência: e-mail;3
936;770319;Müller García;Porto Alegre;56178935;432,35;14,625;28/12/2026;pagamento em atraso;78
937;572661;Müller Oliveira;Foz do Iguaçu;54304344;381,12;3,839;18/10/2025;válido;133
938;838722;Ícaro Pereira;Rio de Janeiro;52113377;146,55;10,850;02/04/2026;café + dados;117
939;632556;Davi Silva;Foz do Iguaçu;98882508;958,23;9,169;02/04/2024;ação necessária;112
940;941423;Júlia Silva;Rio de Janeiro;04740436;150,25;14,400;03/10/2026;ok;93
941;231251;Luísa Mendes;Belo Horizonte;78252116;805,06;5,838;17/02/2024;cliente pediu revisão;178
942;511945;Bárbara García;Maceió;95035406;177,25;3,843;27/11/2025;ok;61
943;230080;Müller García;Maceió;76778235;499,60;2,402;14/06/2026;pendência: e-mail;78
944;286193;Davi Pereira;Belo Horizonte;25489981;994,57;2,555;04/01/2025;pagamento em atraso;135
945;457007;María Mendes;João Pessoa;46059101;848,69;2,730;29/04/2026;café + dados;25
946;509232;Fábio Oliveira;Goiânia;97515873;516,97;10,807;19/02/2024;pendência: e-mail;178
947;030434;Luísa Pereira;Vitória;95746805;720,12;1,377;17/12/2026;ok;172
948;407746;Heloísa Souza;São Paulo;29845082;784,76;2,443;11/10/2025;pendência: e-mail;43
949;352457;João García;Vitória;92116057;300,43;9,326;21/02/2026;pagamento em atraso;132
950;701364;André Silva;Maceió;71757508;562,01;14,662;10/06/2025;pendência: e-mail;69
951;712131;María Pereira;Belo Horizonte;85672999;567,70;8,666;05/07/2024;ação necessária;153
952;836912;José Souza;Florianópolis;63852097;398,61;12,946;22/08/2024;ação necessária;117
953;423956;André Silva;Campinas;90176660;690,16;1,788;22/07/2024;ação necessária;67
954;759359;Renée Silva;São Luís;48116670;60,92;7,555;10/12/2024;ok;18
955;173061;María Silva;Curitiba;68090647;813,19;3,346;07/08/2025;pagamento em atraso;19
956;881334;Ciça Mendes;Maceió;40291467;476,59;7,781;21/10/2024;pagamento em atraso;112
957;490094;María Pereira;São Luís;22815223;629,60;7,020;09/01/2025;válido;139
958;964209;Júlia Silva;Belo Horizonte;88263548;449,96;2,007;07/06/2025;cliente pediu revisão;46
959;133827;Ana Costa;Porto Alegre;74926784;334,99;6,489;02/07/2024;ok;0
960;652483;María Martí;Vitória;24311643;361,24;2,244;11/11/2024;teste de importação;89
961;560069;André Martí;Maceió;39431028;560,23;14,686;20/09/2025;válido;141
962;028276;María Costa;Florianópolis;13100061;930,98;;14/04/2026;café + dados;63
963;950983;Heloísa Oliveira;Rio de Janeiro;63187139;258,20;5,609;12/12/2024;ação necessária;37
964;413160;Bárbara Pereira;Curitiba;17172371;20,80;14,867;30/04/2024;café + dados;36
965;620644;Ciça Costa;João Pessoa;99444450;122,00;12,701;28/10/2025;pendência: e-mail;125
966;591807;Luísa Silva;João Pessoa;34715663;866,63;4,755;06/01/2025;pagamento em atraso;138
967;695205;Müller Oliveira;Belo Horizonte;97332902;962,19;9,063;25/02/2024;ok;99
968;028418;Bárbara García;Foz do Iguaçu;75031958;199,56;12,011;29/04/2024;pendência: e-mail;76
969;088025;Müller Mendes;João Pessoa;24571018;575,74;6,483;02/09/2025;pagamento em atraso;2
970;673971;João Martí;Vitória;91229449;648,83;9,365;09/03/2026;teste de importação;160
971;449433;Bárbara García;São Luís;45047826;175,19;7,680;21/07/2024;ação necessária;133
972;142291;Júlia Martí;Porto Alegre;87836731;779,75;11,706;17/10/2025;pagamento em atraso;177
973;908959;Ícaro García;Campinas;11985619;355,40;4,360;18/10/2024;teste de importação;9
974;484125;Ciça Oliveira;Porto Alegre;29830361;672,85;9,723;25/04/2026;válido;4
975;190556;Luísa García;Campinas;47685330;487,52;2,214;25/10/2025;válido;150
976;052727;Ana Mendes;Foz do Iguaçu;29974566;736,05;;12/06/2025;válido;137
977;272793;María Pereira;Belo Horizonte;99886165;888,85;;08/02/2026;ação necessária;
978;397519;Luísa Oliveira;Curitiba;41216287;381,31;14,603;04/09/2024;ação necessária;
979;343254;Júlia Mendes;Cuiabá;56434872;286,95;10,445;16/04/2024;café + dados;12
980;221941;Heloísa Silva;Maceió;44468633;631,45;9,632;18/02/2025;pagamento em atraso;167
981;476786;Müller García;João Pessoa;49886371;145,56;1,887;05/05/2025;café + dados;129
982;342722;Ciça Oliveira;Curitiba;34971668;168,24;11,700;29/04/2025;pagamento em atraso;83
983;353894;Ciça Pereira;Goiânia;78593968;807,10;3,667;06/10/2026;pagamento em atraso;64
984;798207;Luísa Pereira;Vitória;39466873;337,71;7,762;07/11/2026;pagamento em atraso;62
985;922369;Fábio Souza;Vitória;62244897;631,01;5,679;30/10/2026;teste de importação;100
986;397542;Heloísa Mendes;São Luís;15808361;571,49;8,562;27/02/2026;ação necessária;72
987;291773;Davi Martí;Vitória;63154349;848,20;1,249;23/08/2024;pagamento em atraso;16
988;788539;José Pereira;Cuiabá;07204398;72,20;13,792;05/07/2025;teste de importação;8
989;997409;João Costa;Foz do Iguaçu;85147289;162,68;5,267;04/05/2024;ok;142
990;872335;Ciça Silva;São Luís;78326059;228,76;7,327;13/10/2025;teste de importação;151
991;442042;Davi Souza;São Paulo;77888306;317,24;;09/08/2026;válido;37
992;264525;María Pereira;Rio de Janeiro;83302863;291,77;13,017;13/04/2026;cliente pediu revisão;162
993;875467;Renée Pereira;Rio de Janeiro;09558414;267,94;10,826;14/05/2024;café + dados;
994;085884;Davi Martí;Maceió;63380252;644,36;2,710;18/09/2026;cliente pediu revisão;94
995;493152;Luísa Silva;Cuiabá;26111227;271,71;7,722;29/02/2024;ação necessária;48
996;020324;María Pereira;Curitiba;67172936;445,01;10,385;14/04/2026;válido;
997;785408;Ícaro Souza;Goiânia;16081422;862,08;10,532;23/04/2025;válido;61
998;565621;Ícaro Mendes;Vitória;91361707;363,44;7,558;08/02/2024;teste de importação;
999;054615;Heloísa Pereira;Goiânia;51226775;586,75;7,995;05/07/2025;teste de importação;77
1000;998160;Ícaro Pereira;Curitiba;71113720;964,59;7,825;26/07/2024;ok;116
