id_gato,id_tutor_hash,data_coleta,sexo,idade_anos,peso_kg,energia_0a100,castrado,visitas_vet_ult_ano,pelagem,cor,temperamento,alimentacao,gosta_caixa,vacinado,score_saude_0a100
G00001,T3543364702,2025-02-02,M,11,4.7,32,True,2,curta,preto,arisco,ração seca,True,True,62
G00002,T3333628084,2025-01-12,M,6,5.7,65,False,1,curta,tigrado,brincalhão,ração úmida,False,False,76
G00003,T3550413388,2025-09-21,M,13,4.6,40,True,3,longa,tricolor,carinhoso,mista,True,True,58
G00004,T4042133489,2025-11-30,M,10,5.1,49,True,1,curta,branco,arisco,ração seca,True,False,66
G00005,T6443421022,2025-01-20,F,1,3.7,96,False,0,curta,laranja,arisco,mista,True,False,92
G00006,T6252087897,2025-04-30,M,16,5.6,15,True,1,curta,cinza,caçador,mista,True,False,49
G00007,T3301405782,2025-08-10,F,11,4.3,44,False,0,média,preto,brincalhão,ração seca,True,False,65
G00008,T2857818489,2025-09-15,M,11,5.2,48,True,3,curta,laranja,carinhoso,ração úmida,True,True,63
G00009,T8437223710,2025-09-26,F,2,4.0,61,False,0,curta,tigrado,calmo,ração úmida,True,False,85
G00010,T1834510039,2025-09-11,M,6,4.5,59,True,1,longa,branco,carinhoso,ração seca,True,False,75
G00011,T5615405570,2025-01-31,F,5,4.7,42,False,1,curta,tricolor,arisco,ração seca,True,False,75
G00012,T5685047867,2025-04-03,F,15,5.0,50,False,3,curta,siamês,caçador,ração seca,True,True,55
G00013,T6167231261,2025-06-21,M,9,5.2,42,True,1,longa,preto,brincalhão,mista,True,False,67
G00014,T8970851043,2025-01-24,F,12,4.5,66,True,2,curta,branco,caçador,ração seca,False,True,65
G00015,T6615225460,2025-05-06,M,6,5.6,58,True,1,curta,cinza,arisco,ração seca,True,True,77
G00016,T9762703896,2025-05-21,M,3,4.6,79,True,3,curta,tricolor,brincalhão,ração seca,False,True,83
G00017,T8842177750,2025-12-24,F,7,4.3,55,False,2,média,preto,calmo,mista,True,True,73
G00018,T2932662335,2025-04-26,F,1,4.1,72,True,1,longa,laranja,calmo,ração úmida,True,False,87
G00019,T3170649792,2025-12-21,M,12,6.6,34,True,4,média,laranja,brincalhão,ração seca,True,True,57
G00020,T4102967223,2025-09-13,M,9,4.3,51,False,3,média,preto,arisco,mista,True,True,67
G00021,T4523629735,2025-09-10,F,11,5.3,48,True,0,curta,preto,caçador,ração seca,True,False,65
G00022,T5976956082,2025-10-27,F,4,3.0,54,True,2,curta,preto,caçador,ração seca,False,True,79
G00023,T3092613696,2025-11-04,F,16,5.0,29,True,1,curta,preto,carinhoso,ração seca,True,False,51
G00024,T3001106630,2025-03-23,F,14,5.9,28,True,2,curta,laranja,arisco,mista,True,True,55
G00025,T4432509616,2025-06-03,F,11,5.1,72,True,3,curta,siamês,carinhoso,mista,True,True,66
G00026,T7048208018,2025-07-12,M,2,4.9,68,True,3,média,cinza,brincalhão,ração seca,True,True,84
G00027,T7193130517,2025-12-23,F,6,4.0,77,True,2,curta,branco,brincalhão,mista,True,True,79
G00028,T9785050660,2025-01-15,M,0,4.6,73,False,0,curta,branco,arisco,mista,True,False,91
G00029,T2821738905,2025-06-24,F,2,4.0,73,False,1,curta,siamês,caçador,mista,True,False,85
G00030,T4535732366,2025-03-20,M,9,4.7,34,True,0,curta,siamês,calmo,mista,True,False,67
G00031,T9682097481,2025-03-17,F,11,4.6,39,True,1,curta,tigrado,calmo,mista,True,False,62
G00032,T7210078683,2025-10-06,F,16,5.0,33,True,3,curta,laranja,calmo,ração seca,True,True,50
G00033,T6330506723,2025-03-15,F,4,3.7,83,True,0,curta,branco,brincalhão,ração seca,True,False,84
G00034,T5856814462,2025-10-17,F,5,3.8,64,False,2,curta,siamês,calmo,mista,True,False,77
G00035,T1679593421,2025-12-29,M,6,4.1,75,True,0,média,preto,calmo,ração úmida,False,True,81
G00036,T9040364279,2025-10-11,F,2,4.4,77,False,0,média,branco,calmo,ração seca,False,False,88
G00037,T6629546938,2025-03-04,M,2,5.1,89,False,0,média,tigrado,brincalhão,mista,True,False,89
G00038,T6145006671,2025-02-21,M,6,5.2,57,True,3,média,branco,carinhoso,mista,True,True,74
G00039,T5855503089,2025-06-09,M,3,5.5,95,False,1,longa,preto,calmo,mista,True,False,87
G00040,T4527227865,2025-07-21,M,9,5.3,44,True,4,curta,tigrado,brincalhão,mista,True,True,65
G00041,T3291982222,2025-10-12,M,6,5.3,49,True,1,média,preto,caçador,ração seca,True,False,74
G00042,T7797897868,2025-06-04,F,12,5.1,27,True,2,curta,branco,calmo,mista,True,True,59
G00043,T5586107659,2025-03-02,F,10,4.6,75,False,0,curta,tigrado,caçador,mista,True,False,71
G00044,T1305455790,2025-12-28,F,4,3.9,74,False,0,curta,branco,arisco,ração seca,False,False,83
G00045,T4591850497,2025-11-27,M,12,7.0,37,True,2,curta,tricolor,carinhoso,ração seca,True,True,61
G00046,T9357432744,2025-08-27,M,12,5.1,56,True,3,média,preto,brincalhão,mista,False,True,62
G00047,T4365051053,2025-09-11,M,5,4.5,69,True,2,curta,tigrado,brincalhão,ração seca,True,True,79
G00048,T4719097071,2025-12-08,F,4,4.6,87,False,1,média,preto,brincalhão,ração seca,True,False,84
G00049,T6615650107,2025-06-23,F,9,4.8,31,True,3,média,tricolor,calmo,ração seca,True,False,62
G00050,T8215073234,2025-02-23,M,2,3.8,66,False,0,curta,tricolor,brincalhão,ração seca,True,False,86
G00051,T7016150059,2025-08-10,F,2,4.9,64,False,0,curta,tricolor,caçador,ração seca,True,False,86
G00052,T8650492580,2025-06-14,M,0,4.5,51,True,0,curta,branco,calmo,mista,True,True,90
G00053,T2025735283,2025-10-19,M,11,4.6,57,True,1,curta,branco,arisco,ração úmida,True,False,65
G00054,T9321332979,2025-10-09,M,9,6.1,47,True,3,longa,siamês,carinhoso,mista,True,True,67
G00055,T9135297391,2025-06-22,M,10,5.7,56,True,0,média,tricolor,calmo,ração seca,True,False,68
G00056,T5672337279,2025-05-15,F,11,3.9,73,False,1,média,branco,calmo,ração seca,True,False,67
G00057,T6622680140,2025-06-04,F,6,5.7,54,True,1,curta,preto,arisco,ração seca,True,False,75
G00058,T2915317451,2025-08-19,M,8,5.6,48,False,3,média,cinza,brincalhão,mista,True,True,69
G00059,T5031526941,2025-08-21,F,2,4.1,71,False,1,média,tigrado,caçador,mista,True,False,85
G00060,T2824330248,2025-07-06,F,1,5.2,84,False,3,curta,cinza,calmo,ração seca,True,False,86
G00061,T1197790110,2025-07-14,F,9,4.7,43,True,3,curta,tricolor,calmo,mista,True,True,66
G00062,T9828127613,2025-12-29,F,6,4.4,51,True,0,curta,laranja,brincalhão,ração seca,False,False,76
G00063,T3332318641,2025-04-03,M,8,4.7,65,False,0,curta,siamês,brincalhão,ração seca,True,False,74
G00064,T6337974780,2025-03-05,F,11,5.2,49,True,1,média,siamês,calmo,mista,True,True,66
G00065,T3702253451,2025-10-19,M,9,5.6,25,True,0,curta,laranja,carinhoso,ração seca,True,True,68
G00066,T4335594581,2025-12-08,F,7,4.5,41,False,0,curta,tricolor,brincalhão,mista,False,False,72
G00067,T4579854027,2025-08-11,M,8,4.6,71,True,1,longa,laranja,arisco,ração seca,True,False,73
G00068,T4015420581,2025-05-27,F,4,4.4,69,False,0,curta,preto,brincalhão,mista,True,False,82
G00069,T6736597834,2025-05-08,M,0,4.6,66,False,0,curta,cinza,calmo,ração seca,True,False,90
G00070,T9648426434,2025-06-20,M,6,4.1,56,True,3,longa,cinza,calmo,ração seca,True,True,74
G00071,T4857711850,2025-01-20,F,3,3.2,67,False,1,longa,siamês,calmo,ração seca,False,False,83
G00072,T9759940516,2025-07-12,F,5,4.7,70,False,0,média,tricolor,caçador,mista,True,False,80
G00073,T7010175136,2025-04-09,M,13,3.6,22,True,1,curta,branco,brincalhão,ração úmida,True,False,56
G00074,T6464225755,2025-04-07,F,3,4.4,57,False,0,longa,preto,brincalhão,ração úmida,True,False,83
G00075,T3133934666,2025-07-24,F,1,3.7,75,True,1,média,laranja,arisco,ração seca,True,False,88
G00076,T1566286353,2025-12-18,M,4,5.8,63,False,0,média,laranja,calmo,ração seca,True,False,81
G00077,T8667412932,2025-03-17,F,4,3.9,71,True,1,curta,tricolor,carinhoso,ração seca,False,False,81
G00078,T6165829575,2025-11-29,F,9,5.1,35,True,0,curta,branco,arisco,mista,False,False,67
G00079,T4729724761,2025-07-09,F,8,4.3,57,True,0,média,tricolor,carinhoso,ração seca,True,True,75
G00080,T8307705898,2025-12-22,M,11,5.4,57,False,1,média,cinza,calmo,ração seca,True,False,65
G00081,T3795223443,2025-05-20,M,9,5.7,56,False,3,curta,cinza,calmo,ração úmida,False,True,68
G00082,T8052555303,2025-12-30,F,5,4.0,63,False,2,curta,cinza,carinhoso,ração úmida,True,True,78
G00083,T3951674518,2025-08-29,F,12,5.5,40,True,1,média,siamês,brincalhão,ração seca,True,True,62
G00084,T9287930677,2025-09-02,F,2,3.4,59,True,1,curta,cinza,calmo,ração seca,True,True,85
G00085,T3411701870,2025-07-25,F,0,4.2,74,False,0,curta,laranja,arisco,ração seca,True,False,91
G00086,T2237987058,2025-06-14,F,1,4.7,87,False,0,curta,siamês,arisco,mista,False,False,91
G00087,T7282870375,2025-07-11,F,10,5.2,46,True,1,curta,preto,caçador,ração seca,False,False,65
G00088,T2465625277,2025-11-07,F,6,5.8,48,True,2,média,laranja,caçador,mista,True,True,74
G00089,T9544267452,2025-10-17,F,2,3.6,63,False,0,curta,tigrado,arisco,ração seca,True,False,85
G00090,T6899996011,2025-01-09,M,7,4.1,58,False,2,curta,siamês,calmo,mista,True,True,74
G00091,T3077745951,2025-09-11,M,2,4.0,65,False,0,longa,preto,carinhoso,mista,True,False,86
G00092,T2879370408,2025-11-01,F,10,5.2,53,True,5,média,tricolor,brincalhão,ração seca,True,True,62
G00093,T9314875352,2025-09-29,M,6,5.4,64,True,0,curta,tricolor,caçador,ração seca,True,True,80
G00094,T6470721215,2025-07-01,M,5,5.0,72,True,2,curta,cinza,carinhoso,ração seca,False,True,80
G00095,T9043624060,2025-05-03,F,4,3.5,81,True,2,média,tricolor,brincalhão,mista,True,True,83
G00096,T1992026843,2025-09-03,M,9,5.8,62,True,3,curta,laranja,caçador,ração seca,True,True,69
G00097,T9328529760,2025-08-31,M,5,4.1,50,True,5,curta,tigrado,arisco,ração úmida,True,True,72
G00098,T5680443807,2025-05-17,F,1,4.9,61,True,2,curta,cinza,brincalhão,ração seca,True,True,86
G00099,T7015797246,2025-05-29,F,1,6.1,71,False,2,curta,branco,calmo,ração seca,True,True,88
G00100,T4355879243,2025-05-15,M,16,5.7,25,True,3,média,tricolor,carinhoso,ração úmida,False,True,49
G00101,T1532262898,2025-01-17,M,14,5.8,22,True,4,curta,branco,brincalhão,ração úmida,True,True,51
G00102,T9621751972,2025-01-12,M,10,5.0,42,True,4,curta,branco,calmo,mista,True,True,62
G00103,T9951384961,2025-01-31,F,3,2.9,61,False,1,curta,siamês,calmo,mista,True,False,82
G00104,T4280921638,2025-06-04,F,16,4.4,22,True,1,curta,siamês,carinhoso,ração úmida,True,True,52
G00105,T9494811367,2025-07-06,M,11,4.6,40,True,3,curta,tigrado,caçador,ração seca,True,True,62
G00106,T2509536618,2025-05-30,F,10,3.7,61,True,0,média,tigrado,brincalhão,mista,True,False,69
G00107,T2392160046,2025-12-15,M,6,6.2,61,True,2,curta,cinza,brincalhão,mista,True,True,76
G00108,T1658006560,2025-03-24,M,3,5.0,96,False,0,curta,tigrado,carinhoso,mista,True,False,88
G00109,T4521424668,2025-05-24,F,1,4.3,74,True,0,curta,tigrado,calmo,mista,True,False,89
G00110,T1470720251,2025-04-01,M,14,5.2,32,True,2,média,laranja,calmo,ração seca,False,True,56
G00111,T4551914706,2025-04-20,M,6,4.9,58,True,2,curta,tigrado,carinhoso,mista,True,True,76
G00112,T2245513857,2025-08-02,M,3,5.5,70,False,0,longa,laranja,arisco,ração úmida,True,False,84
G00113,T7574750160,2025-04-24,F,4,4.3,69,True,2,média,siamês,calmo,ração seca,True,True,81
G00114,T8500263844,2025-04-26,F,8,4.9,78,False,0,curta,tigrado,brincalhão,ração úmida,True,False,76
G00115,T7190338850,2025-09-02,F,2,4.0,59,True,2,média,cinza,calmo,ração seca,False,True,84
G00116,T2804447371,2025-10-31,M,13,5.2,49,True,1,curta,tigrado,carinhoso,ração seca,True,True,62
G00117,T7901633736,2025-03-19,M,11,4.4,47,True,3,longa,branco,carinhoso,ração seca,True,True,63
G00118,T3245501773,2025-02-10,F,10,3.3,28,True,3,longa,branco,carinhoso,mista,False,True,62
G00119,T7835397372,2025-03-29,M,6,4.8,67,True,2,curta,tricolor,calmo,ração úmida,True,True,77
G00120,T6106578174,2025-07-30,F,9,4.7,65,True,3,média,tigrado,caçador,ração seca,True,True,69
G00121,T4300412646,2025-12-17,F,8,3.7,42,True,0,curta,preto,brincalhão,ração seca,False,False,70
G00122,T1751431402,2025-02-28,M,9,5.2,50,False,2,curta,cinza,caçador,ração úmida,True,False,66
G00123,T8447585588,2025-01-16,F,1,4.1,51,False,0,média,siamês,caçador,ração seca,True,False,86
G00124,T9456876287,2025-07-12,M,5,3.4,46,False,3,longa,tigrado,arisco,ração seca,False,True,74
G00125,T6993260020,2025-12-28,M,0,4.0,88,True,3,curta,siamês,carinhoso,ração seca,True,True,91
G00126,T9680874100,2025-07-21,F,7,4.8,50,False,3,média,laranja,carinhoso,mista,True,True,71
G00127,T9407002771,2025-12-04,F,4,4.6,50,False,1,média,preto,carinhoso,ração seca,True,False,78
G00128,T2751475607,2025-08-23,F,2,3.3,72,False,1,curta,branco,calmo,ração úmida,False,True,87
G00129,T7580911137,2025-01-12,F,1,4.2,66,False,0,média,preto,calmo,mista,False,False,88
G00130,T4143743374,2025-06-06,F,8,5.3,47,True,6,média,tricolor,caçador,ração seca,False,True,64
G00131,T5387656245,2025-10-09,F,2,4.7,78,False,0,média,tricolor,carinhoso,mista,True,False,88
G00132,T2412688880,2025-07-05,F,15,4.8,19,True,1,longa,laranja,carinhoso,ração seca,True,False,51
G00133,T9773014852,2025-03-13,M,8,4.8,42,True,3,curta,tricolor,brincalhão,ração seca,False,True,68
G00134,T7535236447,2025-03-08,F,4,3.8,66,False,1,curta,laranja,arisco,ração seca,True,False,80
G00135,T3402174786,2025-08-31,F,8,4.9,64,True,2,curta,tricolor,brincalhão,ração úmida,True,True,73
G00136,T4343245211,2025-06-19,M,0,4.7,90,False,1,curta,tigrado,arisco,mista,True,False,92
G00137,T4802346341,2025-07-29,M,16,5.9,22,True,2,curta,laranja,carinhoso,ração úmida,False,True,50
G00138,T7727803517,2025-05-17,M,6,5.1,69,True,0,média,tigrado,carinhoso,ração úmida,True,True,80
G00139,T9331275400,2025-05-04,M,11,5.9,35,True,3,curta,cinza,brincalhão,ração seca,True,True,61
G00140,T3892961196,2025-09-01,F,1,4.1,94,True,2,média,tricolor,caçador,mista,False,False,89
G00141,T5252500794,2025-01-03,M,6,5.6,45,True,1,curta,siamês,calmo,ração seca,False,False,73
G00142,T6338868155,2025-06-08,F,7,5.1,71,True,2,curta,branco,caçador,ração seca,False,True,76
G00143,T4540095931,2025-05-16,F,15,4.3,25,True,2,média,tigrado,carinhoso,mista,True,True,53
G00144,T5537631910,2025-10-12,F,8,3.3,77,True,0,média,preto,arisco,ração seca,True,True,78
G00145,T1951368661,2025-09-23,M,6,6.1,65,False,2,curta,cinza,brincalhão,ração seca,True,True,77
G00146,T2509069489,2025-06-05,M,3,5.0,54,True,0,longa,tigrado,brincalhão,ração seca,True,False,82
G00147,T4609911314,2025-04-06,F,4,3.1,58,False,0,curta,branco,brincalhão,ração seca,False,False,81
G00148,T9234451105,2025-03-28,F,7,4.0,65,True,2,curta,branco,caçador,mista,True,True,75
G00149,T4144222411,2025-03-19,F,6,5.0,71,False,1,curta,cinza,calmo,ração seca,True,False,77
G00150,T3248135277,2025-04-10,F,0,3.8,74,True,1,média,preto,carinhoso,mista,True,False,90
G00151,T7685759987,2025-10-05,M,12,5.1,42,True,0,curta,tigrado,caçador,ração seca,True,False,62
G00152,T9542171494,2025-01-17,F,14,5.8,45,True,2,média,preto,arisco,ração úmida,False,True,58
G00153,T5132112553,2025-01-10,M,2,4.0,71,False,0,curta,cinza,carinhoso,mista,True,False,87
G00154,T1077444600,2025-07-17,M,7,4.5,40,True,2,curta,cinza,arisco,ração úmida,True,True,71
G00155,T7193343983,2025-03-23,F,1,4.2,62,False,3,média,siamês,arisco,ração seca,True,False,83
G00156,T4735547214,2025-10-31,M,9,5.5,53,False,3,curta,siamês,carinhoso,ração úmida,True,True,67
G00157,T7062809829,2025-10-02,M,4,5.2,78,False,1,curta,preto,caçador,ração úmida,True,False,82
G00158,T3499448642,2025-10-08,M,9,5.9,69,True,1,curta,branco,carinhoso,mista,False,True,73
G00159,T1021673294,2025-06-16,M,10,5.4,56,True,3,curta,tricolor,caçador,ração seca,True,True,66
G00160,T4100465968,2025-06-09,F,11,5.1,48,True,1,curta,cinza,arisco,ração seca,True,True,66
G00161,T7343131083,2025-06-05,M,1,4.5,81,True,3,curta,tigrado,carinhoso,ração úmida,True,True,88
G00162,T4538019547,2025-03-13,F,14,4.9,28,True,3,curta,siamês,caçador,ração seca,True,True,54
G00163,T2972567256,2025-07-27,F,3,4.3,65,True,0,curta,branco,brincalhão,ração seca,True,False,84
G00164,T5176061777,2025-11-12,M,0,4.8,65,False,1,curta,siamês,caçador,mista,True,False,88
G00165,T7771136709,2025-04-04,M,7,5.6,40,True,0,curta,preto,carinhoso,ração seca,True,False,72
G00166,T2074897781,2025-01-21,F,5,4.7,65,False,2,curta,branco,arisco,ração seca,True,True,79
G00167,T7225768302,2025-07-26,F,12,4.9,44,True,2,média,laranja,carinhoso,ração úmida,False,True,62
G00168,T7006096214,2025-05-26,F,12,4.3,50,True,1,média,siamês,calmo,ração seca,False,False,62
G00169,T4336640917,2025-10-19,F,4,4.3,70,True,0,curta,laranja,carinhoso,ração seca,True,False,82
G00170,T9733025722,2025-11-09,M,15,5.4,36,False,1,curta,preto,arisco,ração seca,True,False,54
G00171,T9052347695,2025-12-13,M,4,5.0,70,False,2,curta,branco,caçador,ração seca,True,True,82
G00172,T3845453327,2025-05-24,F,7,6.0,55,True,1,curta,tricolor,carinhoso,ração seca,True,True,75
G00173,T1279819840,2025-11-26,M,3,4.4,72,True,1,curta,laranja,arisco,mista,True,True,85
G00174,T3774743260,2025-02-13,F,15,5.1,24,True,3,média,preto,arisco,ração seca,True,True,51
G00175,T2842497482,2025-05-17,F,2,4.9,74,True,0,média,laranja,arisco,ração seca,True,False,87
G00176,T5925267226,2025-04-08,F,0,4.1,83,True,1,curta,cinza,caçador,ração úmida,False,False,91
G00177,T9268699790,2025-12-03,M,6,6.7,50,False,1,longa,preto,carinhoso,ração seca,False,True,76
G00178,T8833037590,2025-08-08,M,18,5.2,25,True,0,curta,branco,calmo,ração seca,True,False,48
G00179,T3752462400,2025-05-14,M,14,5.7,28,True,5,longa,siamês,arisco,ração seca,True,True,51
G00180,T4857377802,2025-02-25,M,11,4.8,38,True,2,média,tigrado,brincalhão,ração seca,True,False,61
G00181,T1328879791,2025-10-13,F,14,4.6,22,True,2,curta,preto,calmo,ração seca,True,True,54
G00182,T5897471568,2025-08-28,M,14,5.6,51,False,3,curta,preto,caçador,ração seca,True,True,57
G00183,T1570311820,2025-11-08,M,7,5.7,68,True,0,curta,cinza,caçador,mista,True,False,76
G00184,T9447455496,2025-06-09,M,4,5.1,70,False,0,longa,laranja,caçador,mista,True,False,82
G00185,T8802404513,2025-02-24,M,11,6.3,68,True,1,curta,laranja,brincalhão,mista,True,False,67
G00186,T2927688637,2025-05-03,F,9,4.6,48,True,0,média,tigrado,arisco,ração seca,True,False,69
G00187,T7294318118,2025-08-15,M,5,4.7,97,True,2,curta,branco,carinhoso,mista,True,True,84
G00188,T6112183441,2025-03-29,F,1,6.0,69,True,0,curta,preto,calmo,ração úmida,True,False,88
G00189,T8212219412,2025-01-26,M,11,5.6,47,False,3,curta,tigrado,calmo,ração seca,True,True,63
G00190,T5280868960,2025-10-28,F,3,3.7,62,False,1,curta,siamês,arisco,mista,True,False,82
G00191,T2725947735,2025-07-13,M,15,5.0,37,True,1,curta,branco,carinhoso,mista,True,True,56
G00192,T6758590601,2025-05-25,M,3,4.2,77,False,1,longa,cinza,arisco,ração seca,True,False,84
G00193,T1722522942,2025-07-21,F,2,4.8,68,False,0,curta,tigrado,brincalhão,mista,True,True,88
G00194,T6261291920,2025-09-27,F,12,4.6,63,True,1,longa,branco,arisco,ração seca,True,False,64
G00195,T2914343249,2025-01-01,F,2,4.2,72,False,1,longa,siamês,caçador,ração seca,True,False,85
G00196,T7164427934,2025-06-10,M,2,4.7,73,False,0,curta,branco,brincalhão,ração seca,False,False,87
G00197,T8452388455,2025-04-03,M,8,5.7,42,True,3,curta,laranja,arisco,ração seca,True,True,68
G00198,T1985722563,2025-02-03,F,13,4.2,44,True,3,curta,cinza,brincalhão,mista,True,False,56
G00199,T4602416969,2025-01-14,M,2,4.0,68,True,2,média,tigrado,brincalhão,ração úmida,True,True,85
G00200,T7601694289,2025-06-10,F,4,4.4,57,True,2,longa,branco,carinhoso,ração seca,True,True,80
G00201,T2473327553,2025-07-18,F,11,5.2,35,False,2,longa,preto,brincalhão,mista,True,True,62
G00202,T6098713030,2025-07-05,F,16,5.1,62,True,5,longa,laranja,carinhoso,mista,True,True,52
G00203,T7046550836,2025-10-13,F,7,3.9,52,True,4,curta,siamês,calmo,mista,False,True,70
G00204,T4193142465,2025-06-17,F,2,4.6,52,True,0,curta,tigrado,carinhoso,mista,True,False,84
G00205,T8487840467,2025-08-04,M,0,4.1,67,False,0,curta,tricolor,calmo,mista,True,False,90
G00206,T5595923665,2025-10-25,M,3,4.4,66,False,0,longa,laranja,brincalhão,ração úmida,True,False,84
G00207,T6642953559,2025-08-28,F,2,3.5,76,True,2,curta,preto,caçador,ração seca,True,True,86
G00208,T2267855170,2025-11-29,F,9,5.5,56,True,2,curta,cinza,brincalhão,mista,False,True,69
G00209,T1208441570,2025-03-22,M,1,5.1,80,False,1,curta,siamês,carinhoso,ração seca,True,False,88
G00210,T1456737137,2025-10-15,M,7,5.5,48,False,0,curta,tricolor,brincalhão,ração seca,True,False,73
G00211,T9135281333,2025-09-12,F,10,5.6,51,True,2,curta,tigrado,caçador,ração seca,True,True,67
G00212,T8943781458,2025-08-01,F,8,6.5,42,False,1,curta,cinza,caçador,ração seca,True,False,69
G00213,T8268322952,2025-01-02,F,2,2.9,62,False,0,média,tigrado,caçador,ração úmida,True,False,85
G00214,T2796508821,2025-07-17,M,12,4.9,30,True,2,média,tigrado,brincalhão,mista,True,True,60
G00215,T5729127867,2025-11-10,M,10,4.9,33,False,2,curta,tigrado,brincalhão,ração seca,True,False,62
G00216,T8165053904,2025-08-24,F,10,4.1,60,True,2,média,siamês,carinhoso,ração úmida,True,True,68
G00217,T7072022631,2025-01-02,M,2,4.0,78,False,3,curta,tigrado,caçador,ração seca,False,False,83
G00218,T2039690743,2025-04-16,F,2,3.9,81,True,1,média,branco,arisco,mista,True,False,87
G00219,T9059870798,2025-07-27,F,15,4.0,33,True,4,curta,branco,carinhoso,ração seca,True,True,51
G00220,T2446141535,2025-10-24,M,5,5.2,70,False,1,curta,tigrado,caçador,ração seca,True,False,79
G00221,T2546161240,2025-06-12,M,4,4.9,43,False,2,curta,siamês,carinhoso,ração úmida,True,False,75
G00222,T9109077662,2025-11-09,M,6,5.4,69,False,3,curta,siamês,brincalhão,ração seca,True,True,76
G00223,T5361552451,2025-10-18,F,9,5.0,52,True,3,curta,tigrado,brincalhão,ração seca,True,True,67
G00224,T4356026433,2025-04-08,F,16,5.3,38,True,4,média,laranja,arisco,ração seca,True,True,50
G00225,T5982910680,2025-03-13,M,4,4.6,68,False,1,média,tricolor,arisco,ração seca,True,False,81
G00226,T9832575995,2025-11-26,F,15,6.3,21,True,1,curta,siamês,caçador,ração úmida,True,False,52
G00227,T2076674097,2025-08-04,M,0,4.8,57,True,1,curta,preto,brincalhão,ração seca,True,False,87
G00228,T7812539639,2025-11-06,M,7,3.8,47,True,2,média,cinza,calmo,ração seca,True,True,72
G00229,T4008932760,2025-12-03,F,9,3.9,57,False,3,curta,cinza,brincalhão,mista,True,False,66
G00230,T2053443437,2025-06-04,M,1,3.5,80,True,1,curta,laranja,arisco,mista,True,False,88
G00231,T4797400198,2025-01-17,M,2,4.8,53,False,1,curta,cinza,brincalhão,ração seca,False,False,82
G00232,T5938775899,2025-11-28,F,5,4.3,49,True,0,curta,cinza,brincalhão,ração úmida,True,False,77
G00233,T2853654739,2025-08-02,M,16,5.1,22,True,3,curta,preto,brincalhão,ração seca,True,True,49
G00234,T4647425131,2025-02-13,F,8,6.0,48,True,1,curta,preto,caçador,ração seca,False,False,70
G00235,T6721084229,2025-07-13,M,15,5.8,17,True,2,curta,laranja,arisco,mista,True,True,52
G00236,T6188032177,2025-01-11,M,12,5.9,24,False,0,média,siamês,carinhoso,ração seca,True,False,60
G00237,T7508445346,2025-04-16,M,6,4.4,48,True,1,média,cinza,arisco,ração seca,False,False,74
G00238,T8527640796,2025-05-07,M,11,4.7,45,False,1,média,branco,calmo,mista,True,False,63
G00239,T4682262985,2025-06-15,M,0,4.6,61,True,1,curta,branco,brincalhão,mista,True,False,88
G00240,T4806705479,2025-07-26,M,1,4.8,71,False,2,longa,siamês,caçador,mista,True,False,86
G00241,T5470229210,2025-11-03,F,12,3.5,54,True,2,média,tigrado,arisco,mista,True,True,63
G00242,T6097180405,2025-05-09,M,11,5.2,29,True,0,curta,tigrado,carinhoso,ração seca,True,True,64
G00243,T1974904068,2025-09-26,M,3,4.8,64,True,1,curta,branco,carinhoso,ração úmida,True,False,82
G00244,T3813718187,2025-12-10,M,7,4.9,68,True,3,média,siamês,arisco,ração seca,False,True,74
G00245,T2547026158,2025-10-01,M,8,4.6,48,True,1,curta,branco,arisco,ração úmida,True,False,70
G00246,T4472674861,2025-04-03,M,13,5.1,32,True,3,média,siamês,brincalhão,ração seca,True,True,56
G00247,T9760186653,2025-09-05,F,8,4.4,67,True,1,média,siamês,brincalhão,ração seca,False,True,75
G00248,T6244578610,2025-04-13,M,5,5.0,57,True,1,longa,laranja,calmo,ração seca,True,False,77
G00249,T4864433679,2025-06-24,F,5,4.8,74,False,0,longa,siamês,brincalhão,mista,True,False,81
G00250,T6093432057,2025-08-20,F,6,5.2,63,True,1,média,siamês,carinhoso,ração seca,True,True,78
G00251,T7021688998,2025-04-18,M,9,5.0,46,True,5,longa,tigrado,caçador,ração úmida,True,True,63
G00252,T4914581169,2025-01-02,M,13,5.1,44,True,3,longa,tricolor,arisco,mista,False,True,58
G00253,T5029388238,2025-11-02,M,6,5.3,62,False,2,curta,tigrado,carinhoso,mista,True,True,76
G00254,T7312610164,2025-09-23,F,3,4.6,79,False,1,média,laranja,caçador,ração seca,True,False,84
G00255,T1547763248,2025-02-14,M,3,4.5,60,True,0,curta,cinza,carinhoso,ração seca,True,False,83
G00256,T5860725114,2025-05-18,F,11,5.3,45,True,2,curta,tigrado,brincalhão,mista,True,True,64
G00257,T5925950309,2025-04-06,F,12,5.5,41,True,0,curta,branco,brincalhão,ração úmida,True,False,62
G00258,T7810770350,2025-12-23,F,1,5.0,81,False,0,curta,branco,carinhoso,ração seca,False,False,90
G00259,T9843802771,2025-12-10,F,1,5.3,60,True,3,curta,branco,brincalhão,mista,True,True,84
G00260,T8161793081,2025-09-10,F,8,4.0,65,False,3,curta,preto,brincalhão,ração seca,True,False,69
G00261,T5534097513,2025-06-10,M,2,4.7,75,False,0,curta,siamês,arisco,ração seca,True,False,87
G00262,T2525078616,2025-01-20,M,12,5.4,26,True,2,média,branco,carinhoso,ração seca,True,True,59
G00263,T6294348744,2025-04-01,M,4,4.8,78,False,1,longa,tricolor,brincalhão,ração seca,True,False,82
G00264,T8508689980,2025-02-03,F,2,3.7,96,True,0,longa,laranja,calmo,ração seca,True,False,90
G00265,T9391726572,2025-10-16,F,14,3.8,48,True,5,curta,cinza,carinhoso,ração úmida,True,True,54
G00266,T8427793415,2025-02-02,F,2,4.2,87,True,2,curta,branco,brincalhão,ração seca,True,True,88
G00267,T2700717457,2025-09-05,M,4,4.3,65,False,2,média,tricolor,carinhoso,ração úmida,True,True,81
G00268,T7413182779,2025-12-14,F,2,4.2,49,False,0,curta,laranja,calmo,mista,True,False,83
G00269,T8921394527,2025-04-23,F,1,3.5,50,False,2,longa,laranja,brincalhão,mista,True,True,84
G00270,T7129152699,2025-09-07,F,0,3.2,78,False,0,média,tigrado,carinhoso,ração seca,True,False,92
G00271,T7171768368,2025-11-17,F,0,4.2,68,False,1,curta,tricolor,calmo,mista,True,False,89
G00272,T5501460576,2025-06-06,M,2,4.8,58,False,0,curta,tigrado,brincalhão,ração seca,True,False,85
G00273,T6732785999,2025-06-13,M,0,5.0,74,False,3,curta,laranja,carinhoso,ração úmida,True,True,89
G00274,T3649426473,2025-03-15,F,8,6.1,60,True,2,curta,siamês,carinhoso,ração seca,False,True,72
G00275,T1799290781,2025-06-06,M,9,5.4,32,True,4,curta,siamês,brincalhão,mista,False,True,63
G00276,T8449434142,2025-11-15,M,5,5.3,56,True,4,média,siamês,calmo,ração seca,True,True,74
G00277,T9488298766,2025-08-31,M,4,4.1,82,False,3,média,preto,calmo,ração úmida,True,True,82
G00278,T8711401018,2025-03-15,M,7,4.2,42,True,1,curta,siamês,arisco,ração seca,True,False,71
G00279,T4005221984,2025-07-12,F,13,5.9,49,True,4,curta,branco,carinhoso,ração seca,True,True,57
G00280,T1841771361,2025-09-15,F,13,4.2,33,True,3,curta,tigrado,arisco,ração úmida,False,True,56
G00281,T3521245488,2025-01-29,M,0,3.9,82,False,1,curta,tigrado,arisco,ração seca,True,False,91
G00282,T8585518382,2025-10-06,M,2,4.7,83,True,1,média,branco,calmo,mista,True,False,87
G00283,T6902330568,2025-03-15,M,3,4.7,75,False,0,curta,preto,brincalhão,ração úmida,True,False,85
G00284,T9700248196,2025-04-18,F,3,3.6,78,True,0,média,siamês,calmo,ração úmida,True,False,86
G00285,T4084129165,2025-06-01,F,8,4.3,39,True,4,curta,siamês,arisco,mista,True,True,66
G00286,T5963249082,2025-07-04,F,5,5.2,74,False,1,curta,branco,brincalhão,mista,True,True,82
G00287,T8110343994,2025-12-01,M,0,4.0,65,True,0,média,tigrado,calmo,mista,True,False,90
G00288,T3105927484,2025-03-23,M,5,4.0,64,True,3,média,branco,carinhoso,ração seca,True,True,77
G00289,T9676809771,2025-04-04,M,7,5.7,58,True,1,média,laranja,brincalhão,ração úmida,True,False,73
G00290,T6331579052,2025-05-19,F,1,4.4,78,False,0,curta,cinza,caçador,mista,False,False,90
G00291,T1071078069,2025-11-09,M,12,5.0,45,True,3,média,tricolor,arisco,ração seca,True,True,60
G00292,T1226379480,2025-12-19,F,0,2.9,65,True,3,curta,tigrado,calmo,ração seca,True,True,87
G00293,T8939944147,2025-06-15,F,15,4.3,17,True,5,curta,laranja,carinhoso,ração seca,True,True,47
G00294,T6807533749,2025-09-10,M,1,4.6,83,False,2,média,tigrado,carinhoso,ração úmida,True,False,87
G00295,T7867652671,2025-12-01,M,12,6.3,44,True,1,curta,laranja,caçador,ração seca,True,False,61
G00296,T8056144008,2025-11-06,M,14,4.7,50,True,5,média,preto,carinhoso,ração úmida,True,True,54
G00297,T4784137986,2025-09-06,M,17,5.4,27,False,5,curta,tigrado,brincalhão,ração úmida,True,True,45
G00298,T8187501215,2025-07-17,M,12,5.9,25,True,1,curta,tricolor,carinhoso,ração úmida,True,False,58
G00299,T9437792003,2025-12-26,F,11,3.1,56,False,2,curta,laranja,carinhoso,ração seca,True,True,65
G00300,T2549539969,2025-03-29,M,9,6.0,45,True,4,média,branco,arisco,mista,True,True,65
G00301,T7877227595,2025-05-13,M,11,4.5,48,False,1,média,preto,carinhoso,ração úmida,True,False,64
G00302,T3770128068,2025-09-18,F,2,4.4,62,True,1,curta,cinza,caçador,ração seca,False,True,86
G00303,T3893437027,2025-01-08,F,7,4.7,75,True,2,curta,tricolor,carinhoso,ração seca,True,True,76
G00304,T4714793659,2025-07-02,M,7,5.8,45,False,1,curta,cinza,arisco,ração seca,True,False,71
G00305,T8773475679,2025-11-08,F,13,5.2,35,True,3,curta,siamês,arisco,mista,True,True,57
G00306,T1198504605,2025-03-06,F,6,2.8,59,False,1,média,cinza,caçador,ração seca,True,False,75
G00307,T4905335861,2025-10-21,F,5,3.8,48,False,1,curta,cinza,caçador,ração seca,True,False,76
G00308,T7120428846,2025-05-31,F,9,4.7,54,False,1,curta,tricolor,brincalhão,ração seca,True,False,69
G00309,T1993739124,2025-11-11,M,3,4.7,86,True,2,curta,tigrado,calmo,ração seca,True,True,86
G00310,T8130282373,2025-08-20,F,2,4.5,64,False,0,curta,preto,caçador,ração seca,True,False,86
G00311,T9477123381,2025-02-27,M,6,5.6,63,False,1,média,preto,brincalhão,mista,False,False,76
G00312,T1818413389,2025-09-26,F,5,4.8,28,True,1,média,branco,caçador,ração seca,True,False,73
G00313,T2376533240,2025-01-21,F,3,4.1,66,False,3,curta,siamês,calmo,mista,True,True,81
G00314,T9766875024,2025-03-30,M,5,3.7,57,False,0,longa,preto,caçador,ração seca,True,False,79
G00315,T2780700767,2025-11-21,M,5,4.6,51,False,3,curta,preto,carinhoso,ração seca,True,True,75
G00316,T1710457081,2025-11-16,F,4,4.6,77,False,0,média,tricolor,brincalhão,mista,True,False,84
G00317,T9569732827,2025-01-17,F,5,3.6,57,True,0,média,tigrado,calmo,ração úmida,True,False,79
G00318,T9033604388,2025-05-19,M,9,5.7,48,True,3,curta,siamês,caçador,mista,True,True,67
G00319,T6901529254,2025-02-04,F,4,4.9,59,False,0,média,branco,calmo,ração seca,True,False,81
G00320,T5962878345,2025-04-09,F,15,4.9,10,True,1,curta,tigrado,calmo,ração seca,False,False,50
G00321,T9273094266,2025-12-20,F,14,2.7,22,True,5,média,preto,carinhoso,ração úmida,False,True,50
G00322,T6899680676,2025-03-13,M,6,4.1,70,True,0,curta,tigrado,carinhoso,ração seca,True,False,78
G00323,T6925569933,2025-08-23,M,4,6.2,38,True,0,curta,preto,calmo,mista,True,False,78
G00324,T8593170077,2025-10-21,F,7,4.1,46,True,2,longa,siamês,brincalhão,ração seca,True,True,72
G00325,T6879211095,2025-11-18,M,13,4.1,34,True,1,curta,cinza,carinhoso,ração seca,False,True,60
G00326,T5533091983,2025-05-10,F,9,5.5,71,True,2,curta,branco,carinhoso,mista,True,True,72
G00327,T4507493481,2025-09-12,M,12,5.4,51,True,2,curta,siamês,brincalhão,mista,True,True,63
G00328,T5528205035,2025-06-26,F,7,5.3,49,False,0,curta,preto,arisco,mista,True,False,73
G00329,T5702307841,2025-02-09,M,9,5.4,65,True,3,média,tricolor,calmo,mista,True,True,69
G00330,T4247486930,2025-03-23,M,4,5.2,55,False,0,média,laranja,calmo,ração seca,True,False,80
G00331,T5033065680,2025-10-01,F,10,5.0,59,True,2,longa,tigrado,caçador,ração úmida,True,True,68
G00332,T8216847395,2025-09-08,F,3,4.7,50,False,2,curta,branco,brincalhão,mista,True,True,80
G00333,T4748620318,2025-07-10,F,10,6.3,60,True,1,curta,siamês,caçador,ração seca,True,False,68
G00334,T1230037899,2025-10-13,F,13,5.5,34,True,2,curta,laranja,calmo,ração seca,True,True,58
G00335,T3547173895,2025-09-10,F,2,3.0,57,False,1,curta,cinza,caçador,mista,True,False,83
G00336,T3085676776,2025-05-04,F,8,4.9,50,False,1,média,laranja,arisco,ração seca,False,False,70
G00337,T8142238106,2025-04-18,M,1,5.5,76,False,0,curta,cinza,caçador,mista,True,False,89
G00338,T5043637526,2025-12-11,F,10,5.5,41,True,5,curta,cinza,caçador,ração seca,True,True,61
G00339,T3522794887,2025-12-21,F,1,3.8,79,True,0,longa,preto,brincalhão,mista,True,True,92
G00340,T8296343954,2025-01-12,M,15,6.3,26,True,2,curta,laranja,carinhoso,ração úmida,True,False,51
G00341,T1172951241,2025-10-16,M,2,5.4,77,False,0,curta,laranja,brincalhão,ração úmida,False,False,88
G00342,T2568257584,2025-02-18,F,16,6.6,36,True,5,média,cinza,carinhoso,mista,True,True,48
G00343,T8442593374,2025-11-11,F,12,4.3,41,True,1,curta,siamês,caçador,ração seca,False,False,61
G00344,T5955865548,2025-08-03,F,8,4.2,47,True,2,média,preto,caçador,ração úmida,True,True,70
G00345,T7962847971,2025-09-09,F,11,4.6,46,True,3,média,siamês,carinhoso,mista,True,True,62
G00346,T8543584132,2025-09-14,F,11,4.4,51,True,0,curta,siamês,brincalhão,mista,True,False,66
G00347,T9477671397,2025-08-09,M,15,4.8,58,True,3,curta,preto,calmo,mista,True,True,56
G00348,T1570821393,2025-04-02,M,3,2.9,78,True,0,curta,tigrado,arisco,ração úmida,True,True,88
G00349,T8193112689,2025-10-22,M,8,4.9,64,False,1,média,branco,calmo,ração úmida,False,False,72
G00350,T7378895333,2025-07-22,M,1,4.9,100,True,1,curta,preto,arisco,ração úmida,False,False,92
G00351,T2863230406,2025-07-18,F,8,4.2,59,False,3,média,siamês,caçador,ração úmida,True,True,70
G00352,T9385320397,2025-04-27,F,2,5.5,75,False,1,curta,preto,calmo,ração úmida,False,False,86
G00353,T4637816922,2025-01-04,M,8,5.2,61,False,1,curta,cinza,caçador,ração seca,False,False,72
G00354,T8988494747,2025-07-22,M,8,6.1,40,True,3,curta,preto,arisco,ração seca,True,True,68
G00355,T6446023341,2025-05-06,F,6,4.6,53,True,2,curta,preto,calmo,ração úmida,True,True,75
G00356,T5740731518,2025-08-29,M,7,5.7,49,True,2,curta,preto,carinhoso,ração seca,True,True,72
G00357,T2435715405,2025-05-14,F,11,5.0,52,True,0,curta,tricolor,calmo,ração seca,True,False,66
G00358,T9228948618,2025-12-22,M,11,6.3,42,False,2,longa,preto,carinhoso,ração seca,True,False,61
G00359,T6009957166,2025-09-06,F,7,4.5,57,True,0,curta,tricolor,arisco,mista,False,False,75
G00360,T1054831649,2025-06-16,M,8,5.5,66,False,1,média,branco,carinhoso,mista,True,False,72
G00361,T1164560869,2025-09-16,F,15,5.1,43,True,3,curta,siamês,brincalhão,ração úmida,True,True,54
G00362,T7998693445,2025-08-25,M,1,4.5,70,True,2,média,tricolor,calmo,mista,True,True,88
G00363,T2457427180,2025-08-15,F,1,4.4,64,True,0,curta,tigrado,brincalhão,mista,True,False,88
G00364,T6388645920,2025-07-30,M,1,6.2,86,False,3,média,tricolor,carinhoso,ração seca,True,True,88
G00365,T7129737657,2025-12-07,M,9,5.0,59,True,2,curta,cinza,caçador,ração seca,True,True,70
G00366,T3514290336,2025-04-26,F,5,4.6,42,True,2,curta,tricolor,brincalhão,ração seca,True,True,75
G00367,T6123824275,2025-06-07,M,11,6.3,40,True,3,curta,branco,brincalhão,ração seca,True,True,62
G00368,T3162328713,2025-04-03,M,9,6.0,52,True,0,curta,tigrado,caçador,ração úmida,True,True,72
G00369,T9516838846,2025-07-27,M,4,4.9,73,True,2,curta,siamês,brincalhão,ração seca,True,True,82
G00370,T8741531407,2025-12-27,M,14,3.8,47,True,1,curta,tricolor,brincalhão,mista,True,True,60
G00371,T3592385123,2025-08-11,M,11,5.7,48,True,5,longa,branco,caçador,ração úmida,True,True,60
G00372,T5759330418,2025-03-17,F,3,2.7,74,True,3,curta,tricolor,arisco,ração seca,True,True,83
G00373,T5505695714,2025-12-03,M,5,6.0,62,True,1,curta,siamês,arisco,mista,True,False,78
G00374,T9640209321,2025-10-16,F,4,4.4,56,False,0,média,siamês,arisco,mista,True,False,80
G00375,T4546259021,2025-06-10,F,2,4.8,66,True,2,média,tricolor,carinhoso,mista,True,True,85
G00376,T6060047991,2025-02-23,M,2,4.1,70,False,3,curta,tricolor,brincalhão,mista,False,False,82
G00377,T9358359353,2025-05-27,F,15,3.8,33,True,0,curta,tricolor,carinhoso,mista,False,False,55
G00378,T2465299460,2025-10-21,F,6,4.6,36,True,1,curta,tricolor,brincalhão,ração úmida,True,False,72
G00379,T5954370429,2025-07-30,F,5,4.3,56,True,0,curta,preto,arisco,mista,True,True,80
G00380,T1951056283,2025-03-09,M,10,5.0,48,True,2,curta,tricolor,calmo,ração seca,True,True,66
G00381,T6557490386,2025-02-27,M,7,5.1,52,True,3,média,branco,calmo,ração úmida,False,True,71
G00382,T4291148830,2025-12-20,M,15,7.4,30,True,4,média,laranja,arisco,ração seca,True,True,50
G00383,T9708724658,2025-06-13,F,11,5.4,50,False,2,curta,cinza,calmo,ração seca,True,True,64
G00384,T4738682630,2025-09-08,F,6,5.2,45,False,1,curta,branco,caçador,ração seca,True,False,73
G00385,T2225688737,2025-05-12,F,5,4.9,41,True,0,curta,branco,caçador,ração seca,True,False,76
G00386,T8505999648,2025-02-02,M,17,6.5,23,True,4,curta,preto,brincalhão,ração seca,True,True,45
G00387,T8387800222,2025-05-31,F,10,4.6,56,True,2,curta,laranja,brincalhão,ração seca,True,True,67
G00388,T7253736575,2025-09-11,M,15,4.0,53,True,4,média,cinza,arisco,ração seca,True,True,54
G00389,T7739306216,2025-05-02,F,1,3.9,82,True,0,curta,cinza,brincalhão,mista,True,False,90
G00390,T3382436959,2025-08-09,M,13,6.0,21,True,2,longa,preto,caçador,ração úmida,True,True,56
G00391,T6778481503,2025-06-09,F,9,4.0,47,True,2,curta,tigrado,calmo,ração úmida,True,True,68
G00392,T1342178840,2025-05-04,F,1,3.9,75,True,0,curta,branco,arisco,ração seca,True,False,89
G00393,T2772011295,2025-04-04,M,8,4.7,55,True,0,curta,tricolor,calmo,mista,False,False,72
G00394,T9390515027,2025-04-06,M,9,6.3,56,False,0,curta,preto,caçador,ração seca,True,False,70
G00395,T7653117673,2025-04-04,F,0,4.5,64,False,1,curta,preto,calmo,ração seca,False,False,88
G00396,T3076052868,2025-09-20,M,6,5.5,59,True,3,curta,cinza,arisco,ração seca,True,True,74
G00397,T2002447805,2025-05-04,F,12,5.3,46,True,3,curta,cinza,caçador,mista,False,True,60
G00398,T9540275003,2025-09-28,F,4,4.3,74,True,0,média,siamês,arisco,mista,True,False,83
G00399,T2009688994,2025-04-24,F,6,4.6,49,True,1,longa,laranja,calmo,mista,True,False,74
G00400,T3313630432,2025-04-30,M,6,4.2,54,True,1,curta,cinza,calmo,mista,True,True,77
G00401,T2643705936,2025-12-04,M,4,3.3,31,True,0,curta,tricolor,carinhoso,ração seca,False,False,77
G00402,T1067174383,2025-11-16,M,14,5.5,28,True,3,curta,branco,calmo,ração úmida,False,True,54
G00403,T3827212966,2025-05-27,F,11,5.0,38,False,1,curta,siamês,brincalhão,ração seca,True,False,62
G00404,T9767609844,2025-04-09,M,1,5.5,60,False,1,longa,cinza,carinhoso,ração seca,True,False,86
G00405,T4077129752,2025-09-19,M,18,6.5,27,True,0,curta,cinza,brincalhão,mista,True,False,48
G00406,T5538743915,2025-01-26,M,13,6.5,38,True,1,média,cinza,caçador,mista,True,False,58
G00407,T7713422055,2025-06-16,F,4,3.6,37,True,0,longa,preto,carinhoso,ração seca,True,False,78
G00408,T5959720918,2025-08-07,M,12,5.2,44,True,2,média,tigrado,calmo,ração seca,True,True,62
G00409,T7692323566,2025-09-04,F,1,4.4,61,False,0,curta,tigrado,caçador,ração seca,True,False,87
G00410,T6954722813,2025-02-09,F,18,6.6,30,True,2,curta,tigrado,caçador,ração seca,True,True,48
G00411,T6477067206,2025-01-02,F,9,5.7,34,False,3,curta,tigrado,brincalhão,ração seca,False,True,65
G00412,T6846840164,2025-04-11,F,9,5.4,50,True,0,curta,preto,brincalhão,ração úmida,True,False,70
G00413,T8192479258,2025-02-13,F,1,3.8,69,False,1,longa,siamês,brincalhão,ração seca,True,False,87
G00414,T7391722553,2025-07-05,F,14,4.2,39,True,2,curta,laranja,arisco,ração seca,True,True,57
G00415,T8125974286,2025-12-02,M,0,5.2,76,False,2,curta,tigrado,arisco,ração seca,True,True,90
G00416,T2310378744,2025-04-15,F,3,3.4,64,True,2,curta,preto,caçador,mista,True,True,83
G00417,T7099063594,2025-06-15,F,2,4.0,51,True,1,curta,tricolor,carinhoso,ração seca,True,True,84
G00418,T7633197210,2025-03-20,F,11,4.7,26,True,0,curta,tigrado,caçador,ração seca,True,True,64
G00419,T3699697892,2025-01-17,F,2,5.3,62,False,0,média,cinza,brincalhão,ração úmida,True,False,85
G00420,T8871195950,2025-09-14,F,14,4.6,36,False,3,média,siamês,arisco,mista,True,False,53
G00421,T3742404429,2025-04-04,F,9,2.9,43,True,1,curta,tigrado,calmo,ração seca,True,True,69
G00422,T3194489074,2025-07-19,F,0,4.4,83,False,1,curta,siamês,brincalhão,mista,True,False,91
G00423,T8803871339,2025-09-07,M,0,4.1,72,True,0,curta,tricolor,arisco,ração seca,True,False,91
G00424,T3223178543,2025-11-03,M,0,4.6,63,False,0,curta,branco,calmo,ração úmida,True,False,89
G00425,T4739522161,2025-03-09,M,8,5.1,49,True,2,média,siamês,caçador,ração seca,True,True,70
G00426,T4311305470,2025-08-01,M,12,5.2,44,True,1,média,tricolor,brincalhão,mista,True,True,63
G00427,T9082556403,2025-11-29,M,3,5.4,70,False,0,média,branco,calmo,mista,True,False,84
G00428,T5097121644,2025-06-26,M,13,4.4,61,True,1,média,tricolor,carinhoso,mista,True,True,64
G00429,T7248780399,2025-01-15,F,1,3.7,64,True,0,curta,laranja,calmo,mista,True,False,88
G00430,T8146350141,2025-04-06,M,12,5.9,41,True,3,média,siamês,brincalhão,ração seca,True,True,60
G00431,T6651132226,2025-10-18,F,15,4.4,38,False,2,média,branco,calmo,ração úmida,True,True,55
G00432,T9493250484,2025-10-17,F,11,3.6,44,True,1,longa,branco,carinhoso,ração seca,True,True,65
G00433,T8222567763,2025-04-25,M,10,5.8,41,True,1,curta,cinza,caçador,ração seca,True,False,65
G00434,T4601859649,2025-03-13,M,12,6.2,23,True,0,média,laranja,calmo,ração seca,True,False,59
G00435,T9557306589,2025-04-17,M,0,4.6,69,True,1,curta,tigrado,arisco,mista,True,False,89
G00436,T5721173499,2025-03-30,F,3,2.8,54,False,2,média,branco,arisco,mista,True,False,79
G00437,T1203195906,2025-09-28,M,2,5.2,49,True,4,longa,tigrado,carinhoso,mista,True,True,79
G00438,T3340119516,2025-11-04,F,7,3.3,46,False,1,longa,preto,brincalhão,ração úmida,True,False,71
G00439,T6595566283,2025-01-18,F,11,5.0,32,True,0,curta,cinza,arisco,mista,True,False,63
G00440,T2411334120,2025-09-28,F,9,4.0,57,True,1,curta,tigrado,arisco,mista,True,False,69
G00441,T6256612404,2025-10-02,M,13,4.6,46,True,0,média,branco,calmo,mista,True,False,61
G00442,T4254382200,2025-08-12,M,2,4.4,59,False,2,média,laranja,arisco,ração seca,True,True,84
G00443,T5809469320,2025-11-15,M,10,5.2,44,False,3,longa,tigrado,arisco,ração seca,True,True,64
G00444,T1016873630,2025-01-15,M,2,4.3,47,False,1,curta,branco,caçador,mista,False,False,82
G00445,T8635792192,2025-09-13,M,3,5.2,61,True,1,média,siamês,arisco,mista,True,False,82
G00446,T4257329389,2025-02-16,F,10,4.4,52,True,3,média,tricolor,caçador,ração seca,False,False,63
G00447,T2261425908,2025-11-24,F,17,5.5,37,True,4,curta,siamês,brincalhão,ração seca,True,True,48
G00448,T4941242713,2025-07-02,F,8,4.8,44,True,1,curta,laranja,carinhoso,ração seca,True,False,69
G00449,T5375595641,2025-02-03,F,0,3.5,88,False,0,média,cinza,caçador,ração seca,True,False,93
G00450,T6736624394,2025-09-30,M,8,4.6,34,False,2,curta,siamês,calmo,mista,True,True,68
G00451,T5721061963,2025-10-01,F,0,2.8,60,False,1,média,tricolor,arisco,ração seca,True,False,88
G00452,T1391712238,2025-06-19,F,13,5.0,47,True,3,curta,tricolor,caçador,ração seca,True,True,59
G00453,T8843610898,2025-04-24,F,10,4.5,67,True,1,curta,branco,arisco,mista,False,True,71
G00454,T5108580386,2025-01-07,F,2,2.5,75,False,1,curta,siamês,caçador,ração seca,True,False,86
G00455,T1692889952,2025-11-28,M,1,4.3,72,False,0,longa,laranja,arisco,ração seca,True,False,89
G00456,T7955454128,2025-03-09,M,2,4.1,43,True,1,média,tricolor,caçador,ração úmida,True,False,81
G00457,T6941389769,2025-11-04,M,17,6.5,5,True,5,média,tricolor,carinhoso,ração seca,True,True,41
G00458,T6844939954,2025-08-03,M,6,3.8,60,True,0,média,preto,arisco,mista,True,False,77
G00459,T4842226015,2025-09-08,F,11,3.8,40,True,2,curta,preto,brincalhão,mista,True,True,63
G00460,T4694473563,2025-09-11,M,9,6.0,37,False,0,longa,preto,calmo,mista,True,False,68
G00461,T5827047727,2025-11-10,F,8,5.5,53,True,1,curta,tigrado,brincalhão,ração seca,True,False,70
G00462,T1455349716,2025-01-13,F,2,3.6,71,False,1,curta,siamês,carinhoso,mista,True,False,85
G00463,T3690619877,2025-12-28,M,15,5.0,44,True,2,curta,preto,arisco,ração úmida,True,True,56
G00464,T9891047562,2025-01-16,M,4,5.3,65,False,2,curta,preto,brincalhão,mista,True,True,81
G00465,T6959732402,2025-12-31,F,8,2.9,67,True,2,média,laranja,arisco,ração seca,True,True,73
G00466,T4770407488,2025-04-06,F,10,3.4,47,True,1,curta,cinza,brincalhão,ração seca,False,False,66
G00467,T3001267926,2025-11-05,M,9,5.0,48,True,1,média,preto,caçador,ração seca,True,False,68
G00468,T7706884257,2025-01-31,M,15,6.5,46,True,3,longa,tigrado,brincalhão,mista,True,True,54
G00469,T3342612787,2025-06-18,F,2,3.8,58,True,3,curta,siamês,arisco,mista,False,True,82
G00470,T2461330934,2025-07-17,M,7,5.2,89,False,1,curta,branco,arisco,ração seca,True,False,78
G00471,T2390634102,2025-12-15,F,5,5.1,66,True,3,média,preto,carinhoso,ração úmida,False,True,77
G00472,T7563369512,2025-02-15,M,6,6.5,63,True,1,curta,branco,brincalhão,mista,True,False,76
G00473,T6785292288,2025-01-14,M,1,4.3,79,False,0,média,branco,calmo,ração úmida,True,False,90
G00474,T1628254894,2025-08-25,F,2,4.1,92,False,1,curta,laranja,carinhoso,ração seca,True,False,88
G00475,T2035385338,2025-01-18,F,4,5.6,73,False,0,curta,preto,arisco,mista,True,False,83
G00476,T6704621806,2025-10-11,F,4,3.2,45,False,3,curta,cinza,carinhoso,ração úmida,True,True,76
G00477,T6140044916,2025-01-14,M,6,5.7,75,True,1,curta,preto,arisco,mista,True,True,80
G00478,T7173991543,2025-12-21,F,8,3.8,49,False,1,curta,tigrado,arisco,ração úmida,True,True,72
G00479,T2602350175,2025-07-14,F,9,4.7,51,True,3,curta,laranja,caçador,mista,True,True,67
G00480,T7539291155,2025-12-13,M,5,4.8,46,True,1,curta,preto,calmo,ração seca,True,False,75
G00481,T9424868205,2025-02-16,M,5,4.3,67,False,1,longa,preto,calmo,mista,True,False,79
G00482,T6409452830,2025-04-10,M,3,4.1,59,False,0,curta,laranja,caçador,ração seca,True,False,83
G00483,T2765170176,2025-06-16,F,8,4.8,54,True,3,curta,tigrado,caçador,mista,False,True,70
G00484,T7115894697,2025-01-11,M,4,5.6,60,False,1,curta,branco,arisco,mista,True,False,80
G00485,T4087735151,2025-02-07,F,0,3.9,98,False,0,curta,cinza,arisco,ração úmida,True,False,95
G00486,T1443589717,2025-05-01,M,5,5.0,85,True,1,curta,tigrado,arisco,ração úmida,True,False,81
G00487,T3721048258,2025-09-27,F,6,4.8,59,True,1,média,laranja,caçador,ração seca,True,True,77
G00488,T9150265917,2025-09-16,M,3,4.1,67,False,0,curta,preto,arisco,ração seca,True,False,84
G00489,T4700253881,2025-02-01,F,8,5.1,48,False,1,média,cinza,carinhoso,ração úmida,False,False,70
G00490,T8781988042,2025-01-22,M,8,5.7,66,True,2,curta,branco,brincalhão,ração seca,True,True,73
G00491,T5577934091,2025-08-28,M,10,7.1,43,True,2,curta,siamês,brincalhão,ração seca,True,True,65
G00492,T5652801900,2025-05-12,F,9,4.4,45,True,0,curta,tricolor,carinhoso,mista,False,False,69
G00493,T1046946889,2025-10-17,F,9,4.3,62,True,4,média,cinza,brincalhão,ração seca,True,True,67
G00494,T6733936659,2025-04-19,F,4,4.8,57,False,5,longa,branco,calmo,ração seca,True,True,75
G00495,T1970324605,2025-05-13,M,11,5.9,44,True,5,curta,preto,calmo,ração seca,True,True,59
G00496,T5308735732,2025-03-22,F,7,4.1,36,True,2,longa,tricolor,caçador,ração úmida,True,True,70
G00497,T3342851700,2025-04-08,F,6,4.1,67,True,1,curta,siamês,brincalhão,ração seca,True,False,77
G00498,T4531446692,2025-09-15,F,9,5.0,73,False,3,curta,branco,calmo,mista,True,False,68
G00499,T5833696201,2025-06-22,M,5,4.4,70,True,0,média,tigrado,caçador,ração seca,True,False,80
G00500,T1130177031,2025-08-29,F,7,4.2,73,False,2,curta,branco,caçador,ração seca,True,True,76
G00501,T3561252249,2025-01-29,F,10,4.8,37,True,4,curta,siamês,arisco,ração seca,True,True,62
G00502,T9906507408,2025-07-15,F,13,5.5,41,True,2,curta,cinza,carinhoso,ração seca,True,True,59
G00503,T1516592132,2025-06-17,M,14,5.0,24,True,2,média,preto,carinhoso,mista,False,True,55
G00504,T3874541393,2025-11-29,M,7,3.8,53,True,1,curta,siamês,calmo,ração seca,True,True,74
G00505,T3892793274,2025-06-04,F,7,3.1,65,False,1,longa,siamês,brincalhão,ração seca,False,False,74
G00506,T4414473288,2025-02-07,F,11,3.9,45,True,2,curta,cinza,arisco,ração seca,True,True,64
G00507,T7163028265,2025-09-12,F,4,3.4,47,False,1,longa,siamês,arisco,ração seca,True,False,78
G00508,T3229694188,2025-02-24,M,12,5.3,26,True,3,curta,branco,brincalhão,ração seca,True,True,57
G00509,T5142424097,2025-11-28,M,7,4.3,39,False,0,curta,branco,calmo,ração seca,True,False,72
G00510,T6803772101,2025-05-20,F,1,3.6,78,True,4,curta,laranja,caçador,mista,True,False,84
G00511,T3900898524,2025-10-14,M,1,4.1,97,False,0,curta,tigrado,carinhoso,ração seca,False,False,93
G00512,T9538953224,2025-08-28,M,12,5.1,58,False,5,curta,cinza,carinhoso,ração úmida,True,True,59
G00513,T9817053714,2025-06-19,F,1,5.0,49,True,2,média,tricolor,arisco,mista,True,False,82
G00514,T2077062109,2025-08-02,F,4,4.7,81,True,1,curta,tricolor,arisco,ração seca,True,True,85
G00515,T4094378959,2025-03-08,F,4,4.3,75,False,0,curta,preto,arisco,ração úmida,False,False,83
G00516,T2871748628,2025-01-28,M,2,4.4,51,True,2,longa,siamês,arisco,mista,True,True,83
G00517,T2681106360,2025-10-07,M,4,4.6,60,False,1,curta,branco,carinhoso,mista,True,False,80
G00518,T5418818545,2025-12-16,F,10,4.9,60,False,1,curta,laranja,caçador,mista,True,False,68
G00519,T6074443973,2025-11-11,M,0,5.0,82,True,1,curta,cinza,carinhoso,mista,False,False,91
G00520,T4830868365,2025-04-22,M,12,4.8,26,True,1,curta,laranja,carinhoso,ração seca,True,False,58
G00521,T3452993857,2025-05-11,M,13,5.5,46,True,3,curta,preto,calmo,mista,True,True,58
G00522,T3507594168,2025-05-12,F,5,2.9,35,True,2,média,cinza,arisco,ração seca,True,True,74
G00523,T9929153407,2025-09-14,F,2,4.3,67,False,0,curta,preto,caçador,ração úmida,True,False,86
G00524,T9313096365,2025-08-16,F,8,5.1,66,True,2,curta,siamês,brincalhão,mista,False,True,73
G00525,T1683089568,2025-10-18,F,1,3.9,72,True,1,média,branco,arisco,mista,True,True,89
G00526,T6908955867,2025-12-11,M,5,6.2,55,False,3,curta,laranja,brincalhão,mista,True,True,76
G00527,T5111898467,2025-05-24,M,16,4.8,41,True,2,curta,branco,calmo,ração seca,False,True,53
G00528,T7199326874,2025-08-30,M,18,5.6,36,True,2,longa,branco,carinhoso,mista,False,True,48
G00529,T6372646349,2025-07-02,M,11,5.3,60,True,2,curta,cinza,brincalhão,ração seca,False,True,66
G00530,T9003271600,2025-12-15,M,4,4.8,74,True,3,curta,siamês,arisco,mista,False,True,81
G00531,T1602894828,2025-05-10,M,9,5.1,63,True,2,média,laranja,arisco,mista,True,True,70
G00532,T4146381208,2025-03-10,M,10,5.4,56,True,1,média,siamês,caçador,ração seca,False,False,67
G00533,T9869447131,2025-05-19,F,5,4.9,64,False,1,média,tricolor,caçador,mista,False,False,78
G00534,T2640568140,2025-08-14,F,9,5.6,51,False,2,média,laranja,arisco,ração seca,True,True,69
G00535,T2146000955,2025-12-14,M,0,4.6,72,False,1,curta,siamês,calmo,ração seca,True,False,89
G00536,T7560748054,2025-10-30,F,3,4.8,52,False,0,curta,cinza,arisco,mista,True,False,82
G00537,T7996916440,2025-01-07,F,7,4.0,44,False,3,média,laranja,caçador,ração úmida,True,False,68
G00538,T7050461929,2025-07-05,F,2,4.7,66,False,0,média,tigrado,arisco,ração úmida,True,False,86
G00539,T7985762458,2025-02-28,F,2,3.6,72,False,1,média,tigrado,arisco,ração seca,True,False,85
G00540,T7243494148,2025-05-13,M,12,6.2,59,True,4,curta,tricolor,carinhoso,ração seca,True,True,61
G00541,T2221936140,2025-12-11,F,18,6.4,24,True,2,média,branco,arisco,ração seca,True,True,47
G00542,T6473997077,2025-12-26,M,8,5.1,65,True,0,curta,laranja,arisco,ração seca,True,False,74
G00543,T7991890143,2025-02-26,M,12,3.9,54,True,2,curta,tigrado,arisco,ração seca,False,True,63
G00544,T8789649456,2025-02-21,M,18,5.1,22,True,2,curta,cinza,caçador,ração seca,True,True,46
G00545,T3216117184,2025-09-12,M,2,5.6,77,True,2,curta,siamês,arisco,ração úmida,True,True,87
G00546,T2146876848,2025-05-30,M,6,5.4,55,True,1,média,cinza,brincalhão,ração seca,True,False,75
G00547,T8029813992,2025-06-07,M,5,5.1,77,False,2,curta,cinza,arisco,ração úmida,False,True,81
G00548,T3308935105,2025-11-15,F,1,4.8,80,False,3,média,cinza,carinhoso,mista,False,False,86
G00549,T1287365304,2025-12-03,M,11,5.7,30,True,1,curta,tigrado,caçador,ração seca,True,False,61
G00550,T8426922072,2025-11-25,M,6,5.9,60,True,3,curta,preto,caçador,ração úmida,True,True,74
G00551,T5553920204,2025-10-13,M,6,5.7,78,True,1,curta,branco,carinhoso,ração seca,True,True,80
G00552,T3939698191,2025-12-24,M,2,5.8,67,False,0,curta,tricolor,carinhoso,ração seca,True,False,86
G00553,T1102861947,2025-09-20,M,2,5.0,75,False,2,média,branco,arisco,mista,True,True,86
G00554,T1317947002,2025-11-19,M,14,6.1,42,False,3,curta,preto,brincalhão,ração seca,True,True,56
G00555,T8133609435,2025-07-17,M,0,4.4,63,False,1,curta,branco,arisco,ração seca,True,False,88
G00556,T5407352964,2025-01-19,F,3,3.8,73,False,0,curta,cinza,carinhoso,mista,True,False,85
G00557,T2347498443,2025-10-26,F,4,5.5,47,True,2,curta,preto,arisco,ração seca,True,True,78
G00558,T4226550645,2025-12-06,F,7,4.6,48,False,4,curta,tricolor,brincalhão,mista,True,True,69
G00559,T2487746327,2025-04-24,F,8,5.1,66,True,2,longa,preto,calmo,ração úmida,True,True,73
G00560,T2015933978,2025-06-06,F,7,4.6,60,True,0,curta,cinza,calmo,ração seca,True,False,75
G00561,T3486770386,2025-07-28,F,1,3.7,69,False,1,curta,branco,arisco,mista,True,False,87
G00562,T5945576927,2025-08-26,F,3,4.2,72,False,0,média,cinza,carinhoso,ração seca,True,False,85
G00563,T2890059470,2025-09-04,F,12,5.8,41,True,4,média,preto,carinhoso,ração seca,False,True,58
G00564,T4093039731,2025-05-24,F,9,5.0,50,True,4,curta,siamês,caçador,mista,True,True,66
G00565,T5301377955,2025-11-08,F,9,3.4,58,True,4,média,siamês,carinhoso,ração seca,True,True,67
G00566,T4780267652,2025-10-24,M,9,5.1,41,True,1,longa,preto,calmo,mista,True,True,69
G00567,T2157650192,2025-12-10,M,11,6.6,45,True,2,curta,branco,caçador,ração seca,True,True,64
G00568,T1349790719,2025-07-30,M,1,4.5,68,True,2,curta,siamês,caçador,ração seca,False,True,87
G00569,T1319128542,2025-01-29,M,5,3.7,42,True,3,média,cinza,caçador,mista,True,True,74
G00570,T4151611162,2025-11-05,F,7,5.8,44,True,1,média,preto,arisco,ração úmida,True,False,71
G00571,T7469218706,2025-01-30,M,4,5.4,83,False,1,longa,preto,brincalhão,ração seca,True,False,83
G00572,T2181297688,2025-03-12,F,13,4.8,43,True,2,curta,cinza,caçador,mista,True,True,59
G00573,T8082821047,2025-04-15,F,6,4.2,42,False,1,longa,laranja,calmo,ração seca,False,False,73
G00574,T7441068783,2025-03-09,F,11,5.5,26,True,3,curta,tigrado,carinhoso,ração seca,True,True,59
G00575,T1035491417,2025-09-22,M,13,5.1,37,False,3,média,branco,caçador,mista,True,True,57
G00576,T1240730856,2025-06-10,M,7,5.9,74,True,1,longa,cinza,caçador,ração úmida,True,False,76
G00577,T2755298939,2025-03-22,F,14,5.2,34,True,2,curta,branco,arisco,ração seca,True,True,56
G00578,T1505088199,2025-01-02,F,8,4.7,68,False,1,curta,laranja,caçador,mista,True,False,73
G00579,T5782087947,2025-03-20,F,13,4.9,43,True,3,curta,cinza,caçador,ração seca,False,True,58
G00580,T1356645353,2025-09-10,F,4,4.2,69,True,1,média,branco,caçador,mista,True,True,83
G00581,T8223812541,2025-10-17,F,7,5.2,39,True,0,curta,tricolor,brincalhão,mista,True,False,72
G00582,T5436658620,2025-04-19,M,7,4.5,67,True,4,média,laranja,carinhoso,ração seca,False,True,72
G00583,T7551589300,2025-01-27,M,1,3.5,68,False,1,curta,laranja,caçador,ração seca,True,False,87
G00584,T7756322958,2025-07-23,M,5,5.4,71,True,1,curta,preto,brincalhão,mista,True,False,79
G00585,T5560875457,2025-10-13,F,14,5.3,26,True,0,curta,preto,brincalhão,mista,True,True,58
G00586,T9328265886,2025-01-26,F,9,5.0,52,True,2,longa,tricolor,brincalhão,ração seca,True,True,69
G00587,T9912166964,2025-10-18,M,2,5.0,74,True,1,curta,siamês,brincalhão,ração seca,True,False,86
G00588,T4232932174,2025-03-04,F,4,4.1,62,True,1,curta,tigrado,carinhoso,ração seca,True,False,80
G00589,T2132777262,2025-04-05,M,2,5.3,74,False,0,curta,preto,caçador,mista,True,False,87
G00590,T4269143607,2025-08-16,M,0,4.6,72,True,0,longa,laranja,calmo,mista,False,False,91
G00591,T3010185073,2025-01-19,M,15,5.1,25,True,3,média,branco,brincalhão,mista,True,True,51
G00592,T5779051003,2025-04-22,M,6,4.8,77,True,1,curta,preto,caçador,ração seca,True,False,78
G00593,T4405488411,2025-02-20,F,4,5.7,76,True,0,curta,preto,arisco,mista,False,True,85
G00594,T5324044728,2025-03-20,M,8,3.9,43,True,4,curta,laranja,brincalhão,ração seca,True,False,64
G00595,T7868688184,2025-10-10,F,0,4.3,82,True,2,curta,cinza,carinhoso,ração seca,True,True,91
G00596,T3466188770,2025-03-25,F,4,3.1,55,True,2,média,laranja,caçador,ração seca,True,True,79
G00597,T5837272521,2025-01-16,M,10,5.2,33,False,2,curta,tigrado,brincalhão,ração seca,True,False,62
G00598,T4016451243,2025-03-20,M,9,4.9,62,False,6,curta,branco,arisco,ração úmida,True,False,62
G00599,T8064647777,2025-02-01,F,17,3.4,7,True,2,média,cinza,carinhoso,ração seca,True,True,46
G00600,T6755829691,2025-08-16,M,8,5.4,64,True,3,curta,tigrado,caçador,ração seca,True,True,71
G00601,T1076542574,2025-12-22,F,6,4.2,55,True,4,curta,branco,arisco,mista,True,True,72
G00602,T6940462069,2025-03-03,M,11,3.9,42,False,1,curta,preto,caçador,ração seca,True,False,63
G00603,T2531458072,2025-09-24,F,14,5.4,41,True,1,curta,tricolor,carinhoso,ração seca,True,True,59
G00604,T7520264111,2025-05-13,F,10,5.7,54,True,0,curta,branco,arisco,ração seca,True,True,70
G00605,T6106048001,2025-01-27,M,16,6.5,20,True,1,curta,preto,arisco,ração seca,True,False,50
G00606,T4613344099,2025-09-09,M,11,5.6,53,True,2,curta,tricolor,carinhoso,ração seca,True,True,65
G00607,T7246597862,2025-03-18,F,13,4.9,40,False,2,curta,laranja,calmo,mista,True,True,59
G00608,T8709339572,2025-07-07,M,1,5.6,57,False,0,média,branco,brincalhão,ração seca,False,False,87
G00609,T8008693424,2025-07-05,M,10,6.5,45,True,2,curta,tricolor,brincalhão,ração seca,False,True,66
G00610,T5908413489,2025-08-07,M,6,5.8,75,True,0,curta,branco,caçador,mista,True,False,79
G00611,T7504248882,2025-02-19,M,7,4.4,76,True,1,curta,tigrado,caçador,ração seca,False,False,76
G00612,T4725230989,2025-04-02,F,9,4.8,58,True,2,curta,tigrado,caçador,mista,False,True,70
G00613,T8101235094,2025-09-27,F,16,5.1,16,True,2,curta,tricolor,calmo,ração seca,True,True,49
G00614,T8461467024,2025-12-07,M,17,4.2,33,True,0,curta,tricolor,brincalhão,mista,True,True,53
G00615,T2235644531,2025-01-05,F,4,4.6,74,True,1,média,tigrado,brincalhão,ração seca,True,False,82
G00616,T3142282236,2025-06-01,M,10,6.9,56,True,3,curta,preto,calmo,ração úmida,True,True,66
G00617,T3429898636,2025-11-18,M,11,5.8,54,True,2,média,siamês,brincalhão,ração úmida,True,True,65
G00618,T2494735470,2025-04-15,F,4,5.3,68,False,3,curta,preto,arisco,ração úmida,True,False,78
G00619,T4532815062,2025-06-13,F,2,4.3,69,True,0,curta,branco,caçador,mista,True,False,86
G00620,T2737298903,2025-11-27,M,0,4.5,68,False,2,curta,laranja,calmo,ração seca,True,True,89
G00621,T6359853798,2025-12-20,M,11,5.6,21,True,0,curta,cinza,caçador,ração seca,False,False,61
G00622,T1914538986,2025-08-28,F,7,3.9,59,True,1,média,tigrado,caçador,mista,True,False,73
G00623,T3429272377,2025-09-11,F,17,4.2,30,True,2,média,preto,calmo,mista,True,True,50
G00624,T6989685813,2025-08-13,M,6,5.9,65,True,0,média,laranja,brincalhão,ração seca,True,False,78
G00625,T4586906108,2025-04-14,M,17,6.4,11,True,0,curta,cinza,arisco,ração úmida,True,True,50
G00626,T4793164676,2025-11-20,F,5,3.7,69,False,1,média,tigrado,caçador,mista,True,False,79
G00627,T8181327276,2025-01-13,M,11,6.0,69,True,5,curta,laranja,carinhoso,mista,True,True,63
G00628,T9860603979,2025-01-22,M,1,4.6,73,True,3,curta,tricolor,caçador,mista,True,False,84
G00629,T6085610049,2025-08-08,M,7,5.3,55,True,2,curta,branco,brincalhão,mista,True,True,73
G00630,T1711604543,2025-11-02,M,12,5.8,45,True,4,curta,siamês,caçador,ração seca,True,True,59
G00631,T1926126768,2025-10-25,M,15,6.1,57,True,2,média,cinza,caçador,ração úmida,True,True,58
G00632,T9716506498,2025-09-05,F,12,4.9,29,False,2,média,cinza,arisco,ração seca,True,True,59
G00633,T7113114214,2025-05-18,F,0,5.0,77,True,1,curta,laranja,calmo,ração seca,True,False,90
G00634,T7772222065,2025-05-12,F,5,4.6,51,False,2,curta,branco,brincalhão,mista,True,False,75
G00635,T7081873819,2025-06-05,F,0,4.4,68,False,0,média,tricolor,calmo,ração úmida,True,False,90
G00636,T2616558415,2025-04-04,M,1,4.1,72,False,2,longa,branco,caçador,ração seca,True,False,86
G00637,T5035259447,2025-06-02,M,9,6.7,66,True,2,média,siamês,brincalhão,ração úmida,True,True,71
G00638,T8182723938,2025-02-08,F,10,5.0,69,True,4,curta,branco,carinhoso,ração seca,True,True,66
G00639,T8797266666,2025-04-27,M,11,5.9,50,True,0,curta,siamês,brincalhão,ração seca,True,False,66
G00640,T3136019632,2025-12-10,F,13,3.7,34,True,4,média,cinza,caçador,ração úmida,True,True,55
G00641,T6363656117,2025-09-16,F,10,4.1,77,True,1,curta,tigrado,carinhoso,mista,True,True,72
G00642,T2413917124,2025-02-21,M,12,6.3,36,True,2,longa,siamês,brincalhão,ração seca,True,True,60
G00643,T9624491858,2025-04-15,M,0,4.8,68,True,1,longa,preto,arisco,ração seca,True,False,89
G00644,T3269838600,2025-04-05,M,3,3.5,45,False,1,longa,cinza,calmo,ração úmida,True,False,79
G00645,T7539716157,2025-04-13,M,8,5.9,69,False,0,curta,siamês,calmo,ração seca,True,False,74
G00646,T3080016498,2025-09-10,M,13,5.1,50,True,2,média,branco,caçador,mista,True,True,60
G00647,T6544485485,2025-11-23,M,0,5.6,100,False,0,média,preto,caçador,ração seca,True,False,95
G00648,T6933378763,2025-09-17,F,7,4.4,39,True,2,curta,laranja,caçador,mista,True,True,71
G00649,T3955852931,2025-06-28,F,9,4.8,67,True,5,curta,preto,carinhoso,ração seca,True,True,67
G00650,T8369504788,2025-02-28,F,0,4.8,76,False,0,curta,siamês,brincalhão,ração seca,False,False,91
G00651,T8968338084,2025-02-22,M,5,4.3,71,False,1,curta,siamês,calmo,ração seca,True,False,79
G00652,T8695629372,2025-10-25,M,14,4.7,16,False,1,longa,branco,carinhoso,mista,True,False,53
G00653,T3977183975,2025-09-05,M,9,5.1,67,True,1,média,branco,brincalhão,mista,True,False,71
G00654,T7699062331,2025-07-06,M,3,5.4,76,True,0,curta,tricolor,calmo,ração seca,True,False,85
G00655,T6035416793,2025-07-30,F,13,3.9,38,True,6,curta,laranja,calmo,ração seca,True,True,53
G00656,T6333654920,2025-11-06,M,4,3.7,72,True,1,curta,tricolor,arisco,ração seca,True,True,83
G00657,T5296825767,2025-10-25,M,13,6.0,29,True,4,curta,siamês,caçador,ração úmida,True,True,54
G00658,T6402350331,2025-02-01,F,4,3.9,57,True,0,curta,cinza,brincalhão,ração seca,True,False,81
G00659,T2220887422,2025-05-25,M,8,4.9,47,True,0,média,branco,caçador,mista,True,False,71
G00660,T4679625098,2025-01-16,M,5,3.7,39,True,0,média,tigrado,brincalhão,ração seca,True,False,76
G00661,T2599045857,2025-05-21,M,3,4.3,77,True,0,média,tigrado,carinhoso,mista,True,False,86
G00662,T3520949778,2025-08-21,F,13,4.8,53,True,4,média,laranja,brincalhão,mista,True,True,58
G00663,T2150330823,2025-03-18,F,2,4.8,61,True,0,curta,cinza,carinhoso,ração seca,True,False,85
G00664,T2912460446,2025-02-24,M,1,4.1,76,False,2,média,branco,brincalhão,ração seca,True,True,88
G00665,T8037363302,2025-06-29,F,4,5.4,61,False,0,curta,laranja,carinhoso,mista,True,False,81
G00666,T5948528159,2025-07-11,F,10,4.2,51,True,3,curta,cinza,arisco,ração seca,False,True,65
G00667,T1212788066,2025-09-18,F,12,4.4,34,True,0,curta,laranja,calmo,ração úmida,True,False,61
G00668,T8096720354,2025-01-06,M,18,6.5,14,True,6,curta,preto,brincalhão,mista,True,True,39
G00669,T9185215563,2025-04-01,M,4,5.0,76,False,1,curta,siamês,brincalhão,ração seca,True,False,82
G00670,T8923863482,2025-10-12,F,5,4.0,60,True,1,curta,tigrado,arisco,mista,True,False,78
G00671,T8407151945,2025-09-06,M,2,4.6,94,True,2,curta,siamês,brincalhão,ração seca,True,True,89
G00672,T9929947985,2025-11-25,F,8,5.5,53,True,1,longa,tricolor,arisco,ração úmida,True,True,72
G00673,T6277617599,2025-10-25,F,18,5.9,13,True,4,curta,tigrado,caçador,ração seca,True,True,42
G00674,T9663288656,2025-11-03,M,10,4.7,62,True,1,curta,cinza,carinhoso,ração seca,True,False,68
G00675,T9539598092,2025-07-06,F,8,4.5,60,True,2,longa,tigrado,brincalhão,ração seca,False,True,72
G00676,T3819148574,2025-12-16,F,5,4.4,70,True,3,curta,laranja,carinhoso,ração seca,True,True,78
G00677,T8770903804,2025-06-01,F,14,4.1,50,True,4,curta,siamês,caçador,ração seca,True,True,56
G00678,T8132253990,2025-11-26,M,7,5.1,48,False,1,longa,branco,brincalhão,ração seca,True,False,72
G00679,T7982188996,2025-05-24,F,2,4.1,68,True,1,curta,preto,brincalhão,ração úmida,True,True,87
G00680,T9066526941,2025-06-12,F,5,5.1,59,False,1,curta,preto,calmo,ração seca,False,False,77
G00681,T4457710089,2025-09-08,F,1,4.9,57,False,1,curta,branco,caçador,ração seca,True,False,85
G00682,T4600494692,2025-05-26,F,3,4.0,63,True,4,curta,tigrado,caçador,ração seca,False,True,79
G00683,T6760470782,2025-02-23,F,0,3.9,91,False,1,média,branco,arisco,ração seca,True,False,92
G00684,T7640240840,2025-11-24,M,6,5.5,61,True,1,curta,preto,caçador,ração seca,True,False,76
G00685,T8917633923,2025-06-15,M,9,4.8,34,True,0,curta,cinza,carinhoso,ração seca,True,False,67
G00686,T8882607885,2025-12-05,M,4,5.3,45,False,1,média,tricolor,caçador,ração úmida,True,False,77
G00687,T7492056619,2025-05-26,F,5,4.3,81,False,1,longa,cinza,caçador,mista,False,False,81
G00688,T9612035000,2025-12-22,F,16,4.2,29,True,4,curta,branco,caçador,ração úmida,True,True,48
G00689,T2607657570,2025-08-09,F,11,4.1,36,True,0,curta,branco,brincalhão,ração seca,True,False,63
G00690,T9553058624,2025-10-08,M,7,6.1,52,True,2,longa,tricolor,carinhoso,mista,True,True,73
G00691,T1577723338,2025-10-03,F,4,4.2,46,False,3,média,laranja,calmo,ração úmida,True,True,76
G00692,T6000596930,2025-03-15,F,14,6.0,53,True,3,curta,cinza,caçador,ração úmida,True,True,57
G00693,T1811772613,2025-10-25,M,3,4.5,62,True,0,curta,tricolor,brincalhão,ração seca,True,True,85
G00694,T6112008776,2025-12-11,F,4,4.5,80,False,0,média,cinza,arisco,ração seca,True,False,84
G00695,T4510987412,2025-08-30,F,14,6.5,36,True,7,curta,cinza,arisco,ração seca,False,True,49
G00696,T1734484883,2025-12-12,F,7,3.7,73,True,0,curta,tricolor,carinhoso,ração seca,True,False,77
G00697,T6833051245,2025-11-05,M,10,4.0,50,True,1,média,cinza,carinhoso,ração úmida,True,False,66
G00698,T7580781996,2025-09-01,F,8,5.5,63,True,3,curta,laranja,caçador,ração seca,True,True,71
G00699,T2567668722,2025-06-24,F,9,4.1,58,True,2,curta,tigrado,carinhoso,ração seca,False,True,70
G00700,T7249930473,2025-11-09,F,4,4.3,71,False,0,curta,branco,carinhoso,ração seca,False,False,83
G00701,T2611427942,2025-03-09,F,3,3.8,71,True,0,longa,preto,arisco,ração seca,True,True,87
G00702,T2236568043,2025-07-24,F,4,4.5,61,True,1,curta,tricolor,arisco,ração seca,True,True,82
G00703,T2326269398,2025-10-25,M,2,4.1,92,False,0,média,cinza,caçador,ração seca,True,False,90
G00704,T6391706220,2025-12-11,F,13,4.7,28,True,2,curta,cinza,brincalhão,ração seca,True,True,57
G00705,T8009117273,2025-04-08,M,4,5.2,64,True,1,curta,tigrado,carinhoso,ração seca,True,False,80
G00706,T6372043313,2025-02-04,F,8,3.9,53,False,1,longa,preto,brincalhão,ração úmida,True,False,70
G00707,T8284163077,2025-05-02,M,11,4.9,49,True,0,curta,preto,arisco,mista,False,True,67
G00708,T6323296069,2025-11-12,M,11,5.1,39,True,4,curta,cinza,brincalhão,mista,True,True,60
G00709,T8175891226,2025-07-11,F,6,3.4,62,False,1,média,siamês,brincalhão,ração úmida,True,False,76
G00710,T9788702510,2025-01-21,M,6,4.7,56,True,1,curta,tigrado,caçador,ração seca,True,False,75
G00711,T4518638271,2025-02-13,F,18,4.9,6,False,2,curta,tigrado,carinhoso,ração úmida,True,False,42
G00712,T2349479592,2025-05-04,M,9,5.0,50,True,0,média,tigrado,carinhoso,mista,True,False,70
G00713,T2218571305,2025-05-06,F,12,4.7,28,True,5,curta,siamês,calmo,ração seca,True,True,55
G00714,T6377298369,2025-02-19,F,14,4.8,15,False,2,média,tricolor,brincalhão,ração seca,True,True,53
G00715,T5923927592,2025-06-30,M,11,4.9,46,True,2,curta,preto,brincalhão,mista,True,True,64
G00716,T2658118406,2025-06-24,F,2,4.6,75,False,0,curta,laranja,carinhoso,ração seca,True,False,87
G00717,T8938944664,2025-03-14,M,8,6.2,59,True,0,média,laranja,caçador,mista,True,True,75
G00718,T9610735316,2025-03-26,F,1,3.7,79,False,0,curta,branco,brincalhão,ração seca,True,False,90
G00719,T3278940787,2025-08-31,F,9,5.0,27,True,1,média,siamês,brincalhão,ração seca,True,False,65
G00720,T2861946378,2025-12-14,F,15,4.7,17,True,5,longa,branco,arisco,mista,True,True,47
G00721,T2925296670,2025-12-30,M,7,5.3,79,False,3,média,tricolor,caçador,ração úmida,True,True,75
G00722,T4486793767,2025-07-24,M,6,6.1,46,False,3,curta,preto,brincalhão,ração úmida,True,True,72
G00723,T8679044577,2025-01-15,F,0,4.4,82,False,1,curta,tigrado,brincalhão,mista,True,False,91
G00724,T6363645489,2025-11-24,F,16,3.6,22,True,4,longa,tricolor,arisco,mista,False,True,47
G00725,T1607980885,2025-12-13,F,1,4.4,73,False,1,curta,laranja,caçador,ração seca,True,False,87
G00726,T5256811766,2025-04-12,M,0,5.5,67,True,1,média,preto,carinhoso,mista,True,False,89
G00727,T1812985147,2025-05-27,M,3,4.7,73,True,1,média,preto,arisco,ração seca,True,False,83
G00728,T4655927026,2025-01-10,F,1,4.8,74,False,0,curta,tigrado,carinhoso,ração seca,True,False,89
G00729,T4631681280,2025-10-20,M,6,4.5,53,True,2,curta,siamês,calmo,mista,True,True,75
G00730,T6835173991,2025-10-11,M,7,4.1,43,True,2,média,tigrado,carinhoso,ração seca,False,True,71
G00731,T5945085702,2025-01-08,F,4,4.4,67,False,2,curta,preto,calmo,mista,True,False,79
G00732,T8872793041,2025-09-14,M,0,3.4,60,True,2,curta,tricolor,brincalhão,ração seca,False,True,88
G00733,T1146476643,2025-05-31,F,1,3.9,77,False,0,curta,laranja,brincalhão,ração seca,True,False,90
G00734,T7965989398,2025-07-19,M,5,5.9,93,False,0,média,preto,carinhoso,ração seca,True,False,84
G00735,T1203925068,2025-03-21,F,1,2.7,88,False,1,curta,cinza,brincalhão,ração úmida,True,False,90
G00736,T3738608456,2025-10-25,F,10,3.8,56,False,2,curta,branco,brincalhão,mista,True,True,67
G00737,T8916968243,2025-05-28,F,3,3.5,66,False,3,média,siamês,caçador,ração seca,False,False,79
G00738,T7213727545,2025-11-03,M,4,4.8,41,True,3,média,siamês,arisco,ração seca,False,True,76
G00739,T2547970105,2025-02-24,F,5,4.1,45,False,2,longa,preto,carinhoso,ração seca,True,True,76
G00740,T5417060897,2025-08-03,F,5,5.3,76,True,1,curta,tigrado,arisco,ração seca,True,True,82
G00741,T7497137628,2025-04-24,M,0,5.3,66,False,0,longa,preto,carinhoso,ração úmida,True,False,90
G00742,T9436089892,2025-12-19,M,1,5.0,64,False,1,média,laranja,carinhoso,ração úmida,True,False,86
G00743,T6708890792,2025-07-23,M,13,5.5,37,True,2,média,branco,carinhoso,ração seca,True,True,59
G00744,T1222078702,2025-09-20,F,0,4.3,62,True,0,curta,tricolor,caçador,ração seca,True,False,89
G00745,T5497316737,2025-02-01,F,7,3.9,41,False,2,curta,preto,carinhoso,ração úmida,True,False,69
G00746,T2376654752,2025-09-05,F,7,5.1,55,True,3,curta,siamês,brincalhão,ração seca,False,True,72
G00747,T1430015954,2025-02-06,F,4,3.5,53,True,0,curta,branco,calmo,ração seca,True,False,80
G00748,T6386595712,2025-05-12,F,6,5.0,49,True,2,curta,branco,caçador,ração úmida,True,True,74
G00749,T7992297122,2025-03-23,M,11,6.2,35,True,3,longa,siamês,brincalhão,ração seca,True,True,61
G00750,T1324544999,2025-01-01,M,12,5.6,48,False,4,curta,siamês,brincalhão,ração seca,False,True,59
G00751,T8052303438,2025-08-02,F,3,4.1,64,False,1,longa,preto,calmo,ração seca,True,False,82
G00752,T7357490918,2025-03-29,M,4,5.2,62,True,0,curta,preto,arisco,mista,True,True,83
G00753,T7767881993,2025-07-07,F,3,2.2,74,True,0,média,tricolor,arisco,ração seca,True,False,85
G00754,T3202555354,2025-10-06,F,6,4.6,56,True,0,curta,siamês,caçador,mista,False,False,76
G00755,T4542359099,2025-03-07,M,9,5.2,46,True,0,média,laranja,carinhoso,ração seca,True,False,69
G00756,T2077757444,2025-09-17,F,3,4.2,72,False,0,curta,branco,carinhoso,ração seca,False,False,85
G00757,T3150018552,2025-04-19,M,4,5.4,72,False,3,longa,branco,arisco,mista,True,True,80
G00758,T3725107043,2025-05-01,F,15,4.8,31,True,7,curta,branco,caçador,ração seca,True,False,44
G00759,T3874929755,2025-07-30,F,0,3.2,76,False,1,curta,tigrado,caçador,ração seca,True,False,90
G00760,T2575358992,2025-08-17,F,6,4.3,49,True,1,longa,preto,caçador,ração seca,False,False,74
G00761,T2698406182,2025-08-28,M,10,5.3,37,True,0,curta,tigrado,brincalhão,ração úmida,True,False,66
G00762,T9113233598,2025-03-13,M,2,4.8,79,False,1,média,tricolor,brincalhão,ração seca,True,False,86
G00763,T8055042533,2025-07-31,M,0,4.7,80,False,1,curta,branco,calmo,mista,True,False,90
G00764,T4100299331,2025-04-07,M,2,5.5,75,False,1,curta,siamês,caçador,ração seca,True,False,86
G00765,T9528791855,2025-04-12,M,14,4.7,39,False,2,curta,siamês,carinhoso,ração seca,True,False,55
G00766,T3150304415,2025-12-12,M,0,4.7,76,False,0,curta,cinza,caçador,ração seca,True,False,91
G00767,T4661384081,2025-02-06,F,2,5.0,78,True,3,curta,preto,carinhoso,ração seca,True,True,85
G00768,T8321727802,2025-05-31,M,0,3.4,86,True,1,curta,cinza,arisco,mista,True,False,91
G00769,T4985977331,2025-06-10,M,1,4.8,83,False,1,média,branco,calmo,ração seca,True,False,89
G00770,T3111627906,2025-03-31,F,8,4.2,51,True,1,longa,branco,calmo,mista,False,False,70
G00771,T4316819208,2025-10-14,F,3,4.0,83,False,1,curta,siamês,carinhoso,ração seca,True,False,85
G00772,T5506489651,2025-06-27,F,8,3.9,55,False,1,curta,branco,brincalhão,ração seca,True,False,71
G00773,T6585799452,2025-09-20,F,8,4.4,60,True,0,curta,cinza,brincalhão,ração seca,False,True,75
G00774,T4650458496,2025-05-22,F,13,6.1,42,True,2,média,tricolor,caçador,mista,True,True,59
G00775,T4881738980,2025-11-24,F,0,3.1,78,False,3,curta,preto,arisco,ração seca,True,False,87
G00776,T3375492515,2025-09-24,F,13,4.0,30,True,1,média,preto,caçador,ração úmida,True,True,59
G00777,T5818125685,2025-05-02,F,8,3.6,61,True,3,curta,cinza,arisco,mista,True,True,71
G00778,T2975106103,2025-12-18,M,2,5.9,100,True,1,curta,siamês,caçador,ração úmida,True,True,92
G00779,T8807735962,2025-11-12,M,11,5.0,40,True,2,média,tricolor,calmo,ração seca,True,True,63
G00780,T7726303632,2025-08-04,M,13,5.4,39,True,2,curta,siamês,brincalhão,mista,False,True,59
G00781,T4692510895,2025-01-07,M,3,4.5,61,False,0,curta,siamês,calmo,ração seca,True,False,83
G00782,T7725050623,2025-08-04,F,14,4.2,30,True,2,curta,preto,calmo,ração seca,True,True,56
G00783,T1062963476,2025-09-10,M,6,4.9,77,True,1,curta,cinza,caçador,ração seca,True,False,78
G00784,T4100403003,2025-05-14,M,8,6.9,45,False,0,curta,laranja,arisco,mista,True,False,71
G00785,T4962710333,2025-02-22,M,17,6.4,22,True,1,média,branco,brincalhão,ração seca,True,True,50
G00786,T5228186567,2025-07-26,F,5,3.8,42,True,2,curta,siamês,brincalhão,mista,False,True,75
G00787,T7738583299,2025-10-20,M,12,5.9,32,True,4,curta,tigrado,brincalhão,mista,True,True,57
G00788,T9665266848,2025-04-27,F,4,3.7,43,True,1,curta,tricolor,calmo,ração seca,True,True,79
G00789,T4419974173,2025-06-16,F,11,3.5,52,True,2,curta,branco,caçador,ração seca,True,True,65
G00790,T4155398645,2025-01-01,M,8,5.9,86,True,1,longa,tricolor,calmo,mista,True,False,75
G00791,T6494637039,2025-09-14,F,3,5.0,62,True,4,curta,preto,brincalhão,ração seca,True,True,79
G00792,T3531282527,2025-11-13,M,5,5.7,41,False,3,curta,preto,calmo,ração seca,True,True,74
G00793,T2272153004,2025-10-11,M,4,4.6,75,True,0,curta,tigrado,caçador,ração seca,True,True,85
G00794,T9653867834,2025-06-06,F,1,4.0,63,True,0,longa,preto,brincalhão,mista,True,True,89
G00795,T8285769611,2025-01-17,F,0,4.5,91,False,0,média,branco,brincalhão,ração seca,False,False,94
G00796,T9626495977,2025-06-29,M,4,5.2,60,True,3,curta,tricolor,carinhoso,ração seca,True,True,78
G00797,T2960495908,2025-12-10,F,0,3.7,67,True,0,curta,laranja,arisco,ração seca,True,False,90
G00798,T1160282934,2025-01-31,M,2,3.6,67,True,1,média,cinza,brincalhão,ração seca,True,False,85
G00799,T4935354181,2025-03-20,F,10,4.8,56,True,1,média,cinza,arisco,mista,True,True,69
G00800,T9402480666,2025-11-02,F,10,5.5,44,True,1,curta,tigrado,arisco,ração seca,True,False,65
G00801,T2244928049,2025-07-27,F,10,3.9,41,False,1,média,siamês,brincalhão,mista,False,False,65
G00802,T2054669705,2025-03-04,F,4,4.7,61,True,1,curta,tricolor,arisco,mista,True,False,80
G00803,T1620575058,2025-01-09,M,14,5.7,21,True,3,curta,cinza,brincalhão,ração seca,True,True,53
G00804,T7885161990,2025-05-30,F,8,5.1,57,False,3,curta,cinza,caçador,mista,True,True,70
G00805,T8073338804,2025-08-06,F,2,4.8,48,True,2,curta,preto,arisco,mista,True,True,82
G00806,T7258384500,2025-11-03,F,2,3.7,64,True,1,curta,branco,carinhoso,mista,True,False,84
G00807,T1479626606,2025-11-19,M,10,4.2,56,False,2,curta,branco,brincalhão,mista,True,True,67
G00808,T7509595022,2025-06-17,M,2,4.4,73,False,2,média,cinza,carinhoso,ração seca,True,True,86
G00809,T5037659276,2025-06-04,M,7,5.7,62,False,2,média,siamês,arisco,mista,True,True,74
G00810,T2421049797,2025-12-06,M,18,5.1,24,True,4,curta,siamês,carinhoso,ração seca,True,True,44
G00811,T3656134094,2025-10-11,M,0,4.1,89,True,1,curta,preto,arisco,mista,True,False,92
G00812,T5510321559,2025-03-18,M,0,3.3,86,False,1,média,cinza,carinhoso,ração seca,False,False,91
G00813,T3966863250,2025-09-06,F,18,6.1,30,True,2,curta,preto,calmo,ração úmida,True,True,48
G00814,T9727743040,2025-09-19,M,8,5.7,64,True,3,curta,preto,carinhoso,mista,True,True,71
G00815,T5272675675,2025-03-27,F,2,4.7,78,False,2,média,cinza,carinhoso,ração úmida,True,True,87
G00816,T4349354592,2025-12-23,F,14,5.5,31,True,7,curta,siamês,arisco,ração seca,True,True,48
G00817,T7058488860,2025-04-19,F,13,5.2,22,True,4,curta,branco,calmo,mista,True,True,53
G00818,T6854905511,2025-07-20,M,7,4.9,60,True,2,média,tigrado,arisco,mista,True,True,74
G00819,T1021953523,2025-06-30,F,8,4.4,59,True,4,curta,cinza,carinhoso,ração úmida,True,True,69
G00820,T6566263284,2025-09-10,F,3,3.9,80,True,1,curta,laranja,arisco,mista,True,False,84
G00821,T3193920772,2025-11-26,F,0,5.8,64,False,0,média,siamês,calmo,mista,True,False,90
G00822,T4377102774,2025-05-24,F,8,4.9,42,True,3,longa,tricolor,brincalhão,mista,True,True,68
G00823,T7357140016,2025-05-21,F,4,4.0,69,True,0,curta,tricolor,caçador,ração seca,True,False,82
G00824,T6016475989,2025-10-02,F,9,5.0,49,True,0,média,cinza,brincalhão,ração seca,False,False,69
G00825,T4317896297,2025-12-14,F,12,4.1,19,True,3,curta,preto,arisco,mista,True,True,56
G00826,T2506693166,2025-11-28,M,0,5.7,80,False,0,curta,siamês,brincalhão,mista,True,False,92
G00827,T5549339685,2025-10-02,F,8,4.1,30,True,2,curta,siamês,carinhoso,ração seca,True,True,68
G00828,T3874294211,2025-09-14,F,3,4.6,55,True,1,curta,siamês,arisco,ração seca,True,True,83
G00829,T9216350275,2025-10-08,F,13,5.6,55,True,1,curta,laranja,brincalhão,ração seca,True,True,63
G00830,T5809119762,2025-12-08,F,3,4.5,88,True,2,média,branco,arisco,mista,True,True,86
G00831,T8793675947,2025-01-04,M,8,5.2,38,True,4,curta,branco,arisco,mista,True,True,66
G00832,T4511629256,2025-08-03,F,7,4.5,51,True,3,longa,cinza,arisco,ração úmida,True,True,71
G00833,T8446934474,2025-01-13,M,5,4.9,62,False,1,curta,cinza,brincalhão,ração seca,False,False,78
G00834,T1508832119,2025-07-30,M,9,4.8,71,True,3,média,branco,calmo,ração seca,True,True,70
G00835,T3683071230,2025-05-25,M,10,5.0,41,True,0,curta,siamês,carinhoso,mista,True,False,66
G00836,T1703583397,2025-04-22,M,8,6.2,47,False,0,curta,tigrado,brincalhão,ração seca,True,False,71
G00837,T1284851626,2025-11-22,M,11,5.3,63,False,4,média,branco,carinhoso,ração seca,True,True,63
G00838,T9269760207,2025-09-17,M,17,4.9,23,True,2,média,tigrado,brincalhão,ração seca,False,True,48
G00839,T7451818699,2025-07-27,F,5,4.0,70,False,1,curta,tigrado,caçador,mista,True,False,79
G00840,T6625990580,2025-11-18,F,7,5.3,38,True,1,curta,laranja,carinhoso,ração seca,True,False,70
G00841,T5792435284,2025-02-05,M,0,5.1,73,False,0,curta,siamês,arisco,ração seca,True,False,91
G00842,T6125986325,2025-08-24,F,11,5.2,24,True,1,curta,siamês,brincalhão,ração seca,True,False,60
G00843,T6748213432,2025-02-27,M,7,4.9,43,True,1,curta,laranja,carinhoso,mista,False,False,71
G00844,T8439218152,2025-03-27,F,5,4.8,71,True,0,média,laranja,calmo,ração seca,True,False,81
G00845,T6371997002,2025-03-09,M,1,4.2,72,True,0,curta,branco,calmo,ração seca,True,False,89
G00846,T7737226867,2025-07-18,F,14,4.7,32,True,2,curta,tricolor,calmo,ração seca,False,True,56
G00847,T3528802466,2025-08-18,M,5,5.6,52,True,0,curta,siamês,brincalhão,ração seca,False,False,78
G00848,T9790855640,2025-10-03,F,9,5.2,47,True,1,longa,tigrado,arisco,mista,True,False,68
G00849,T1287074875,2025-06-10,M,2,4.1,73,False,2,curta,branco,brincalhão,mista,True,True,86
G00850,T4479189357,2025-12-09,F,16,4.2,42,True,4,curta,laranja,calmo,ração seca,True,True,50
G00851,T8938445963,2025-05-17,M,2,4.8,38,False,2,curta,tricolor,brincalhão,mista,True,True,81
G00852,T2624706664,2025-02-27,F,2,5.3,59,False,2,média,preto,arisco,ração seca,True,True,84
G00853,T2272042836,2025-01-14,F,13,3.5,41,True,5,curta,tigrado,brincalhão,mista,True,True,55
G00854,T4288876902,2025-02-16,F,14,5.0,35,True,1,curta,tigrado,arisco,ração seca,True,False,56
G00855,T4853752304,2025-06-12,F,3,3.2,71,False,2,curta,laranja,brincalhão,ração seca,True,True,84
G00856,T9400546545,2025-05-31,F,6,4.0,61,False,0,longa,tigrado,caçador,mista,True,False,77
G00857,T8525075812,2025-11-08,M,10,5.0,43,True,3,curta,siamês,caçador,mista,True,True,64
G00858,T5176806739,2025-02-15,M,13,5.1,32,False,1,curta,preto,carinhoso,mista,True,False,57
G00859,T9756775907,2025-04-06,M,5,4.6,58,True,1,curta,laranja,arisco,ração úmida,True,False,77
G00860,T6780505637,2025-12-24,M,7,5.1,69,False,4,curta,tricolor,calmo,mista,True,True,72
G00861,T8862928587,2025-01-11,F,10,4.3,38,True,3,curta,tricolor,carinhoso,mista,True,True,63
G00862,T3214512824,2025-06-04,F,10,3.7,46,True,4,curta,laranja,brincalhão,ração seca,True,True,63
G00863,T5400676668,2025-03-14,F,11,5.3,46,True,1,curta,siamês,brincalhão,ração seca,True,False,63
G00864,T1267454920,2025-07-14,F,8,5.1,71,True,3,curta,cinza,carinhoso,ração úmida,True,True,72
G00865,T1079921739,2025-12-22,F,1,4.7,69,False,1,curta,laranja,calmo,ração úmida,True,False,87
G00866,T7349078988,2025-03-24,F,14,3.8,47,True,3,curta,tricolor,brincalhão,mista,True,True,57
G00867,T2064642602,2025-05-16,F,13,5.0,53,True,3,curta,laranja,carinhoso,ração seca,True,True,59
G00868,T5930274133,2025-06-13,M,11,5.8,43,True,5,curta,cinza,caçador,ração seca,False,True,59
G00869,T7264067339,2025-10-19,F,1,3.3,70,False,1,curta,laranja,arisco,ração seca,True,False,87
G00870,T1290111276,2025-12-26,F,3,4.2,63,False,0,curta,tigrado,arisco,mista,True,False,83
G00871,T5038672592,2025-02-05,M,10,5.2,44,True,1,média,siamês,caçador,ração seca,True,False,65
G00872,T7157367432,2025-06-28,M,0,5.9,85,False,0,longa,tigrado,calmo,mista,True,False,93
G00873,T9007578890,2025-10-02,F,17,6.2,30,True,2,média,branco,arisco,ração seca,True,True,50
G00874,T3693070905,2025-01-04,F,5,3.2,64,True,1,curta,preto,brincalhão,ração seca,True,False,78
G00875,T9767948767,2025-10-22,F,10,6.4,33,False,1,longa,siamês,arisco,mista,False,False,63
G00876,T8600873496,2025-03-30,F,13,4.2,27,True,3,longa,cinza,caçador,ração seca,True,True,56
G00877,T6855715648,2025-07-09,M,5,5.6,87,True,0,curta,branco,arisco,mista,True,True,85
G00878,T4527329565,2025-12-24,M,4,5.6,62,True,3,curta,branco,caçador,ração seca,True,True,79
G00879,T7399993385,2025-08-20,F,8,3.9,43,True,2,média,preto,arisco,ração seca,True,True,69
G00880,T8345739421,2025-12-28,F,8,4.9,70,False,1,longa,branco,caçador,ração úmida,True,False,73
G00881,T3729698873,2025-08-09,F,5,4.3,64,True,2,média,tricolor,calmo,mista,True,True,79
G00882,T9935470584,2025-03-18,F,8,4.9,60,False,3,média,tigrado,brincalhão,ração seca,True,True,70
G00883,T9177574327,2025-09-10,M,15,5.6,31,True,2,curta,tigrado,brincalhão,ração seca,True,True,54
G00884,T5369512963,2025-08-13,F,6,5.3,54,False,1,longa,preto,carinhoso,ração úmida,False,False,75
G00885,T7505469241,2025-04-24,M,2,4.8,67,True,0,curta,tigrado,arisco,mista,True,False,86
G00886,T5716080051,2025-01-29,M,5,4.8,44,False,1,curta,siamês,brincalhão,mista,True,False,75
G00887,T7848374969,2025-08-25,M,5,5.7,60,True,1,média,siamês,calmo,mista,False,False,78
G00888,T8442839834,2025-07-30,M,2,5.1,73,True,0,curta,cinza,brincalhão,ração seca,True,False,87
G00889,T1209002996,2025-10-10,F,2,4.7,92,False,0,curta,tigrado,calmo,ração úmida,False,False,90
G00890,T1712188267,2025-02-15,M,9,4.8,51,True,0,curta,cinza,carinhoso,mista,True,False,70
G00891,T4028206742,2025-07-16,M,4,4.1,36,True,0,curta,siamês,caçador,mista,True,False,77
G00892,T9258522693,2025-10-26,F,15,4.4,32,True,5,curta,siamês,caçador,mista,True,True,49
G00893,T4584462248,2025-11-22,F,3,3.8,99,True,0,curta,branco,brincalhão,mista,True,False,89
G00894,T8987609936,2025-12-09,M,1,5.2,83,False,1,curta,laranja,arisco,mista,True,False,89
G00895,T5161905213,2025-03-19,M,11,6.1,34,False,3,curta,branco,arisco,ração seca,False,True,61
G00896,T3599676282,2025-03-05,M,13,5.3,46,True,1,curta,tigrado,arisco,ração seca,False,False,59
G00897,T9105806647,2025-07-30,F,4,5.3,55,False,3,longa,cinza,arisco,mista,False,True,78
G00898,T6046036920,2025-06-18,M,3,5.8,50,False,2,curta,tigrado,brincalhão,ração seca,True,False,78
G00899,T4244358655,2025-03-27,M,2,4.9,65,False,1,longa,siamês,calmo,ração seca,True,False,84
G00900,T1399663032,2025-02-07,M,7,4.5,56,False,0,curta,siamês,arisco,ração seca,True,False,74
G00901,T1998398192,2025-02-22,F,6,5.5,36,False,2,curta,branco,calmo,ração úmida,True,False,70
G00902,T2253792948,2025-05-04,M,3,4.8,53,True,1,média,preto,calmo,mista,True,False,80
G00903,T4283526613,2025-09-27,F,0,4.1,75,False,1,média,tricolor,arisco,mista,True,False,90
G00904,T6465996601,2025-01-24,M,6,4.8,53,True,0,curta,preto,caçador,ração seca,True,False,76
G00905,T3768311029,2025-02-08,F,16,4.2,35,False,2,média,cinza,arisco,ração seca,True,True,52
G00906,T1589748703,2025-04-07,M,9,4.2,35,True,0,média,siamês,calmo,ração seca,True,False,67
G00907,T3383278635,2025-11-15,M,7,5.5,64,True,1,curta,laranja,caçador,mista,True,False,74
G00908,T4678134858,2025-12-28,M,1,4.1,58,False,0,curta,preto,carinhoso,ração seca,True,False,87
G00909,T9930429358,2025-06-10,F,3,6.4,86,True,0,curta,siamês,brincalhão,ração úmida,False,True,89
G00910,T4536882142,2025-01-17,F,4,3.5,43,True,3,curta,tigrado,brincalhão,ração úmida,True,True,76
G00911,T1802758768,2025-01-05,M,11,4.5,31,True,4,média,cinza,caçador,ração úmida,True,True,59
G00912,T6230033330,2025-11-10,M,13,5.8,44,True,3,curta,tigrado,arisco,ração úmida,True,True,58
G00913,T9276760653,2025-06-12,F,14,5.9,56,True,3,média,tigrado,calmo,mista,True,True,58
G00914,T8080261289,2025-01-29,F,17,4.9,31,True,3,média,laranja,brincalhão,ração úmida,True,True,48
G00915,T8525964782,2025-11-01,M,17,5.8,34,True,4,longa,siamês,brincalhão,ração seca,False,True,47
G00916,T9354086164,2025-07-13,M,15,4.1,33,True,1,curta,tricolor,arisco,ração seca,True,True,55
G00917,T6728891530,2025-05-08,F,1,3.6,60,True,0,curta,branco,brincalhão,ração seca,True,False,87
G00918,T9954304575,2025-06-15,F,2,3.4,64,True,0,curta,siamês,arisco,ração seca,True,True,88
G00919,T1299534128,2025-03-24,F,4,3.0,49,True,2,média,siamês,brincalhão,mista,True,True,78
G00920,T8513557085,2025-12-07,F,7,4.6,40,True,1,curta,preto,carinhoso,ração seca,False,False,70
G00921,T8713096025,2025-10-15,F,1,2.5,77,False,2,média,cinza,arisco,mista,False,True,89
G00922,T9250303516,2025-03-14,M,13,4.5,25,True,2,curta,tigrado,caçador,ração seca,True,True,57
G00923,T5303525118,2025-09-26,M,8,4.8,56,True,0,curta,siamês,caçador,mista,True,True,74
G00924,T8089803312,2025-03-07,M,7,4.5,40,True,1,média,tricolor,brincalhão,ração seca,True,False,70
G00925,T2755723592,2025-06-15,M,2,5.0,73,False,0,média,tigrado,calmo,ração seca,True,False,87
G00926,T6428172026,2025-10-01,M,3,5.0,61,False,0,curta,cinza,arisco,ração seca,False,False,83
G00927,T4227806371,2025-01-14,M,2,5.4,86,True,4,média,preto,brincalhão,ração úmida,True,True,85
G00928,T6365562855,2025-09-22,F,13,5.4,42,True,0,curta,siamês,caçador,ração seca,False,False,60
G00929,T7080044564,2025-03-24,M,8,6.0,67,True,2,média,laranja,arisco,mista,True,False,71
G00930,T4123618000,2025-09-13,M,10,5.3,38,False,2,curta,laranja,brincalhão,ração úmida,True,True,65
G00931,T2946144693,2025-07-02,F,4,4.5,64,False,0,curta,siamês,brincalhão,mista,True,False,82
G00932,T3895191179,2025-01-10,F,5,4.7,49,False,1,curta,branco,caçador,mista,False,False,76
G00933,T6975615205,2025-10-06,F,5,4.4,56,True,4,curta,branco,calmo,ração úmida,True,True,74
G00934,T7091868103,2025-04-05,F,11,4.5,41,True,3,média,tricolor,caçador,mista,True,True,62
G00935,T7671852424,2025-12-14,F,11,4.5,35,True,2,curta,branco,brincalhão,ração seca,True,True,62
G00936,T2138829477,2025-11-03,M,3,4.2,52,True,0,curta,siamês,caçador,ração úmida,True,False,82
G00937,T8366656512,2025-03-12,M,15,5.7,16,True,3,curta,siamês,arisco,ração seca,True,True,50
G00938,T7193330213,2025-08-08,F,1,4.0,44,False,1,curta,preto,arisco,mista,True,False,83
G00939,T1274545690,2025-05-13,M,14,5.0,23,True,3,média,laranja,brincalhão,ração seca,True,True,53
G00940,T4020380644,2025-08-08,M,1,4.2,80,False,0,curta,tricolor,carinhoso,ração seca,True,False,90
G00941,T5200401303,2025-07-23,M,3,4.0,47,True,2,média,laranja,carinhoso,ração úmida,True,True,80
G00942,T4245557413,2025-04-19,M,13,6.1,22,True,5,média,branco,arisco,ração seca,True,True,52
G00943,T2056751993,2025-08-26,M,2,4.8,91,False,0,curta,preto,arisco,ração seca,True,False,90
G00944,T2866116560,2025-04-05,M,5,4.3,53,False,0,média,preto,arisco,ração seca,False,False,78
G00945,T1221052554,2025-11-28,F,6,5.0,62,True,0,curta,branco,arisco,mista,True,True,79
G00946,T1837694452,2025-12-12,F,3,3.8,74,False,3,curta,branco,caçador,ração seca,True,True,83
G00947,T3396701059,2025-03-02,M,10,4.3,55,True,3,curta,cinza,calmo,ração seca,True,True,66
G00948,T8379732390,2025-09-23,F,13,5.6,20,True,1,curta,tricolor,brincalhão,mista,False,False,56
G00949,T5739737589,2025-12-06,M,13,5.1,36,True,2,curta,laranja,caçador,mista,True,True,58
G00950,T4820481016,2025-02-16,F,4,4.0,44,True,1,curta,preto,carinhoso,ração seca,True,False,77
G00951,T6959466495,2025-09-27,F,7,4.5,85,True,5,média,preto,brincalhão,ração seca,True,True,73
G00952,T5873595042,2025-12-09,M,3,5.6,47,True,1,curta,preto,arisco,ração seca,True,True,82
G00953,T2183625340,2025-03-24,F,3,4.2,54,False,2,longa,cinza,calmo,mista,True,False,79
G00954,T3003610274,2025-08-01,F,2,3.3,57,False,2,curta,tricolor,calmo,ração seca,True,True,84
G00955,T3002701248,2025-10-19,F,15,5.2,15,True,0,média,preto,caçador,ração seca,False,False,52
G00956,T6399572613,2025-05-02,F,13,4.5,55,True,0,curta,cinza,carinhoso,ração seca,True,False,62
G00957,T5154619295,2025-03-28,F,11,6.1,73,True,2,curta,laranja,calmo,ração úmida,True,True,68
G00958,T4488265563,2025-05-25,M,7,5.1,50,False,0,curta,branco,carinhoso,ração seca,False,False,74
G00959,T6009752555,2025-05-03,F,7,2.9,40,False,0,longa,preto,arisco,mista,True,False,72
G00960,T9731042072,2025-09-22,F,7,4.7,29,False,2,longa,branco,arisco,ração seca,True,False,67
G00961,T3827741104,2025-05-16,F,7,5.9,52,True,0,curta,branco,caçador,ração úmida,False,False,74
G00962,T5681758902,2025-05-18,M,6,6.1,54,True,0,média,tricolor,caçador,mista,True,False,76
G00963,T5323330140,2025-12-11,F,2,5.4,62,False,0,média,siamês,calmo,ração seca,False,False,85
G00964,T7449787285,2025-07-31,M,2,4.0,72,True,1,curta,tigrado,brincalhão,ração seca,True,False,85
G00965,T7572612411,2025-12-06,F,15,5.5,38,True,4,curta,tricolor,brincalhão,ração seca,True,True,52
G00966,T7561636492,2025-09-17,M,6,4.5,62,True,2,média,tricolor,caçador,mista,True,True,76
G00967,T2813676219,2025-11-20,F,15,5.0,29,True,4,média,siamês,carinhoso,ração seca,True,True,50
G00968,T5041838227,2025-03-13,F,2,3.2,56,False,0,curta,preto,carinhoso,mista,False,False,84
G00969,T8300572219,2025-12-09,M,7,4.6,63,True,0,curta,siamês,calmo,ração seca,False,False,75
G00970,T4433771534,2025-12-11,F,3,3.7,67,False,0,curta,laranja,caçador,ração úmida,True,False,84
G00971,T9858296055,2025-01-15,M,3,5.4,77,True,2,longa,laranja,arisco,ração úmida,True,True,85
G00972,T4283080676,2025-05-11,F,0,4.6,84,False,0,curta,tricolor,brincalhão,ração seca,True,False,93
G00973,T5479001446,2025-05-31,F,1,4.3,55,False,2,curta,laranja,arisco,ração seca,True,True,85
G00974,T5270730353,2025-06-03,M,14,4.5,19,True,4,curta,branco,arisco,mista,False,True,51
G00975,T4902974222,2025-10-12,M,4,4.7,55,False,0,média,preto,brincalhão,ração seca,True,False,80
G00976,T8610682314,2025-09-12,M,8,4.6,40,True,1,média,branco,caçador,ração úmida,True,True,70
G00977,T2397477137,2025-03-19,M,6,5.6,67,False,1,curta,preto,caçador,mista,False,False,77
G00978,T6108982357,2025-08-11,F,5,5.2,65,True,5,curta,cinza,calmo,ração seca,True,True,74
G00979,T6567414196,2025-12-22,F,7,5.2,69,True,1,média,tricolor,caçador,ração seca,True,False,75
G00980,T8660991772,2025-06-10,M,2,4.2,74,False,2,curta,cinza,arisco,ração seca,True,True,86
G00981,T6482801439,2025-12-05,F,17,2.9,30,True,0,curta,tigrado,carinhoso,ração seca,True,False,50
G00982,T9640183130,2025-08-26,M,12,4.2,56,True,1,longa,branco,carinhoso,mista,True,False,63
G00983,T8849509410,2025-12-04,F,10,5.7,53,False,1,curta,tigrado,arisco,mista,True,False,66
G00984,T4138659535,2025-11-26,M,6,4.7,59,True,2,curta,siamês,carinhoso,ração seca,True,True,76
G00985,T8739158007,2025-01-07,F,2,3.6,87,False,0,curta,cinza,carinhoso,mista,True,False,89
G00986,T9626300326,2025-10-20,F,14,6.0,37,True,5,média,laranja,caçador,ração seca,True,True,52
G00987,T3314774628,2025-03-11,M,4,5.8,60,True,3,média,siamês,arisco,mista,True,True,78
G00988,T6491879259,2025-10-28,F,0,4.0,65,False,1,curta,tigrado,carinhoso,mista,False,False,88
G00989,T3536235211,2025-10-22,F,4,4.1,72,True,4,média,cinza,caçador,ração seca,True,True,79
G00990,T6846105511,2025-04-05,M,11,5.3,59,False,3,longa,preto,caçador,ração úmida,True,True,64
G00991,T1842785240,2025-01-25,M,9,5.4,49,False,3,média,siamês,calmo,mista,False,False,65
G00992,T7607692196,2025-06-03,F,11,5.9,60,True,3,curta,tigrado,arisco,ração seca,True,True,64
G00993,T4778378457,2025-04-21,M,11,5.7,21,True,4,curta,preto,arisco,ração seca,True,True,57
G00994,T6285764608,2025-07-22,M,3,5.3,66,True,1,longa,laranja,carinhoso,ração úmida,False,False,82
G00995,T1232761622,2025-01-30,M,15,6.3,33,True,1,curta,siamês,carinhoso,ração seca,True,False,53
G00996,T7258973096,2025-01-17,F,6,3.6,49,True,0,curta,siamês,caçador,ração seca,True,False,75
G00997,T5463922187,2025-06-09,M,9,5.8,78,False,2,curta,branco,arisco,ração seca,True,False,71
G00998,T6627259069,2025-10-08,M,0,4.4,74,True,2,média,cinza,carinhoso,mista,True,True,90
G00999,T3841011751,2025-04-25,F,18,3.1,20,True,3,curta,siamês,caçador,ração seca,True,True,44
G01000,T2312381560,2025-04-29,F,4,2.8,64,True,3,curta,tricolor,calmo,ração seca,True,True,79
